자치구,안심 주소,CCTV 용도,WGS x좌표,WGS y좌표,CCTV 수량,수정 일시
송파구,위례동 4,,37.47735214,127.139122,3,2021-01-12
송파구,서울특별시 송파구 장지동 위례순환로 375 빛의자녀교회,,37.47825,127.1458,3,2021-01-12
송파구,서울특별시 송파구 장지동 위례광장로 243 서울위례별초등학교,,37.47829056,127.1440735,5,2021-01-12
송파구,서울특별시 송파구 장지동 위례순환로 429 송례중학교,,37.4784584,127.1391449,3,2021-01-12
송파구,장지동 393,,37.47846985,127.1420441,5,2021-01-12
송파구,서울특별시 송파구 장지동 위례광장로 163 위례22단지,,37.47999,127.14168,4,2021-01-12
송파구,서울특별시 송파구 문정동 송파대로 106 ,,37.48091507,127.1266556,1,2021-01-12
송파구,장지동 853(한국육영학교),,37.48119736,127.1346664,1,2021-01-12
송파구,서울특별시 송파구 장지동 충민로6길 10 버들어린이집,,37.48147964,127.1313934,1,2021-01-12
송파구,장지동택지개발지구 문현초등학교 정문,,37.48180779,127.130951,3,2021-01-12
송파구,서울특별시 송파구 문정동 새말로 117 ,,37.48210526,127.1270218,1,2021-01-12
송파구,문정동 185-2(문현초등학교),,37.48269272,127.1310349,3,2021-01-12
송파구,서울특별시 송파구 문정동 새말로12길 3 ,,37.48279953,127.1295471,2,2021-01-12
송파구,서울특별시 송파구 문정동 새말로5길 3 문정1차 동궁리치웰아파트,,37.48325458,127.1246299,3,2021-01-12
송파구,서울특별시 송파구 문정동 새말로 125 어은회관,,37.48343658,127.1274185,1,2021-01-12
송파구,서울특별시 송파구 문정동 문정로4길 18 경화빌딩,,37.48448181,127.1263199,1,2021-01-12
송파구,서울특별시 송파구 문정동 새말로11길 11 ,,37.48453522,127.127388,2,2021-01-12
송파구,서울특별시 송파구 문정동 새말로5길 15 ,,37.48497772,127.124855,2,2021-01-12
송파구,서울특별시 송파구 문정동 새말로15길 17 중앙빌라,,37.48503494,127.128067,2,2021-01-12
송파구,서울특별시 송파구 문정동 문정로4길 10 ,,37.48540878,127.1236038,2,2021-01-12
송파구,서울특별시 송파구 문정동 문정로4길 10 동부주택브리앙뜨,,37.48548126,127.126236,1,2021-01-12
송파구,서울특별시 송파구 문정동 문정로 61 해암빌딩,,37.48762131,127.1293182,1,2021-01-12
송파구,서울특별시 송파구 문정동 문정로5길 17 현대아트빌리지,,37.48828506,127.1281281,2,2021-01-12
송파구,서울특별시 송파구 문정동 동남로8길 25 ,,37.4890588,127.1279548,2,2021-01-12
송파구,서울특별시 송파구 문정동 송이로 202 ,,37.48971939,127.1283951,3,2021-01-12
송파구,서울특별시 송파구 문정동 중대로 18 문정2파출소,,37.48973214,127.1119962,2,2021-01-12
송파구,서울특별시 송파구 가락동 동남로 105 ,,37.49091745,127.1239206,1,2021-01-12
송파구,서울특별시 송파구 가락동 송파대로26길 10 ,,37.49131012,127.1214676,3,2021-01-12
송파구,서울특별시 송파구 가락동 중대로10길 25 ,,37.49140167,127.1233444,2,2021-01-12
송파구,서울특별시 송파구 가락동 송이로24길 13 ,,37.49263,127.1224289,1,2021-01-12
송파구,서울특별시 송파구 가락동 동남로14길 17 ,,37.49321747,127.1333084,2,2021-01-12
송파구,서울특별시 송파구 가락동 동남로16길 15 ,,37.49336624,127.1315002,1,2021-01-12
송파구,서울특별시 송파구 가락동 동남로20길 32 ,,37.4943161,127.1353989,1,2021-01-12
송파구,서울특별시 송파구 가락동 동남로13길 21 ,,37.49442865,127.1270205,5,2021-01-12
송파구,서울특별시 송파구 가락동 동남로17길 13 극동맨션빌리지,,37.49607468,127.1306992,1,2021-01-12
송파구,서울특별시 송파구 가락동 동남로17길 13 극동맨션빌리지,,37.49638748,127.1303406,3,2021-01-12
송파구,서울특별시 송파구 가락동 양재대로62길 21 ,,37.49762726,127.1196594,1,2021-01-12
송파구,가락동 163(111동 사이 통학로),,37.49800491,127.1303406,1,2021-01-12
송파구,서울특별시 송파구 가락동 양재대로62길 5 가락동다세대,,37.49916196,127.1185941,1,2021-01-12
송파구,서울특별시 송파구 가락동 송이로 74 신가빌딩,,37.49923325,127.1199036,2,2021-01-12
송파구,서울특별시 송파구 가락동 송파대로37길 45 가락초등학교,,37.49939686,127.107561,2,2021-01-12
송파구,서울특별시 송파구 가락동 송이로15길 4 ,,37.49958038,127.1206665,1,2021-01-12
송파구,서울특별시 송파구 가락동 송이로21길 53 신경주택,,37.5001564,127.1216965,2,2021-01-12
송파구,서울특별시 송파구 가락동 송이로15길 31 가락2차쌍용아파트,,37.50063705,127.1225281,1,2021-01-12
송파구,서울특별시 송파구 잠실동 백제고분로20길 13 부흥주택,,37.50364304,127.0858994,1,2021-01-12
송파구,서울특별시 송파구 잠실동 올림픽로4길 69 아주중학교,,37.50414155,127.0754542,1,2021-01-12
송파구,서울특별시 송파구 잠실동 올림픽로4길 59 아주초등학교,,37.50556564,127.0750885,1,2021-01-12
송파구,서울특별시 송파구 잠실동 백제고분로 173 조양빌딩,,37.50562286,127.0868301,1,2021-01-12
송파구,서울특별시 송파구 잠실동 올림픽로12길 52 ,,37.50650787,127.0833664,2,2021-01-12
송파구,서울특별시 송파구 잠실동 백제고분로19길 12 ,,37.50660075,127.0872436,4,2021-01-12
송파구,서울특별시 송파구 잠실동 백제고분로15길 12 ,,37.50684176,127.0852716,4,2021-01-12
송파구,서울특별시 송파구 잠실동 올림픽로12길 52 ,,37.50697327,127.0834808,2,2021-01-12
송파구,서울특별시 송파구 잠실동 석촌호수로 155 잠실3동자치회관2관,,37.5071455,127.0942402,1,2021-01-12
송파구,서울특별시 송파구 잠실동 백제고분로15길 23 ,,37.50723267,127.0845413,1,2021-01-12
송파구,서울특별시 송파구 잠실동 백제고분로11길 5 엘하임,,37.50783412,127.0804199,1,2021-01-12
송파구,서울특별시 송파구 잠실동 백제고분로11길 32 ,,37.50838852,127.0835724,1,2021-01-12
송파구,잠실동 145(초등학교 통학로),,37.50852585,127.0713272,3,2021-01-12
송파구,서울특별시 송파구 잠실동 백제고분로 63 위너스오피스텔1,,37.51187538,127.0784147,3,2021-01-12
송파구,서울특별시 송파구 잠실동 올림픽로 159 잠실2동주민센터,,37.5119046,127.0884603,4,2021-01-12
송파구,서울특별시 송파구 잠실동 올림픽로 211 서울Y.M.C.A송파지회,,37.51296876,127.0946666,1,2021-01-12
송파구,서울특별시 송파구 잠실동 잠실로 26 강동송파교육지원청,,37.51422882,127.0885544,3,2021-01-12
송파구,서울특별시 송파구 잠실동 올림픽로 95 서울잠일초등학교,,37.51531999,127.0811546,1,2021-01-12
송파구,서울특별시 송파구 신천동 올림픽로35길 118 잠실중앙교회장로회,,37.51750878,127.1004088,2,2021-01-12
송파구,서울특별시 송파구 신천동 올림픽로35길 120 잠실6동주민센터,,37.51839066,127.1004257,2,2021-01-12
송파구,신천동 20-5(잠실초등학교),,37.51999664,127.1123886,1,2021-01-12
송파구,서울특별시 송파구 신천동 올림픽로 417 ,,37.52022552,127.1139221,1,2021-01-12
송파구,서울특별시 송파구 신천동 올림픽로35길 20 잠실초등학교,,37.52022934,127.1119308,3,2021-01-12
송파구,신천동 17 잠현초등학교 후문,,37.5217396,127.1053331,2,2021-01-12
송파구,서울특별시 송파구 신천동 올림픽로33길 71 잠실고등학교,,37.52203751,127.1072998,1,2021-01-12
송파구,서울특별시 송파구 신천동 올림픽로37길 109 잠현초등학교,,37.52209091,127.1044846,3,2021-01-12
송파구,신천동 17-3 잠현초등학교,,37.52303752,127.1051779,4,2021-01-12
송파구,장지동 920,도심공원,37.47737885,127.1470566,4,2021-01-12
송파구,서울특별시 송파구 장지동 위례순환로 369 송파경찰서 위례파출소,도심공원,37.47752762,127.145462,3,2021-01-12
송파구,장지동 393,도심공원,37.47756195,127.1409836,5,2021-01-12
송파구,문정동 631 글샘작은근린공원 파고라 앞,도심공원,37.47757043,127.1218028,2,2021-01-12
송파구,장지동 393,도심공원,37.47771072,127.1466141,4,2021-01-12
송파구,서울특별시 송파구 장지동 위례순환로 413 위례새솔어린이집,도심공원,37.4782753,127.1415024,4,2021-01-12
송파구,서울특별시 송파구 장지동 송파대로8길 42 송파파인타운12단지,도심공원,37.4786291,127.1328679,1,2021-01-12
송파구,문정동 633 한우물근린공원 입구 앞,도심공원,37.47873818,127.1255951,4,2021-01-12
송파구,문정동 625 글샘근린공원 수경시설 앞,도심공원,37.47883132,127.1214562,3,2021-01-12
송파구,문정동 625 글샘근린공원 어린이놀이터 앞,도심공원,37.47890369,127.1208983,4,2021-01-12
송파구,장지동 861-4(산책로 중간부분),도심공원,37.47961426,127.1361542,1,2021-01-12
송파구,장지동 861-4(산책로 끝부분),도심공원,37.47983551,127.1368256,1,2021-01-12
송파구,위례동 7,도심공원,37.47990036,127.1389542,5,2021-01-12
송파구,문정동 397-5(문정지구 근린공원),도심공원,37.48102951,127.1188431,1,2021-01-12
송파구,문정동 400-2(문정지구 근린공원),도심공원,37.48137665,127.1201172,2,2021-01-12
송파구,문정동 398-1(문정지구 근린공원),도심공원,37.48159409,127.1192169,2,2021-01-12
송파구,문정동 305-7(문정지구 근린공원),도심공원,37.4819603,127.1210251,2,2021-01-12
송파구,서울특별시 송파구 문정동 법원로5길 3 ,도심공원,37.48231888,127.1202316,1,2021-01-12
송파구,서울특별시 송파구 문정동 새말로 126 ,도심공원,37.4824847,127.1288919,3,2021-01-12
송파구,서울특별시 송파구 문정동 법원로5길 3 ,도심공원,37.48257065,127.120842,2,2021-01-12
송파구,문정동 362-1_기부체납,도심공원,37.48273882,127.1190466,1,2021-01-12
송파구,서울특별시 송파구 문정동 정의로3길 6 국가형사사법기록관,도심공원,37.48320643,127.1152132,1,2021-01-12
송파구,문정동 367_기부체납,도심공원,37.48411229,127.118306,1,2021-01-12
송파구,문정동 471(문정지구 근린공원),도심공원,37.48431396,127.1136093,1,2021-01-12
송파구,서울특별시 송파구 문정동 문정로4길 16 ,도심공원,37.48475647,127.1251984,1,2021-01-12
송파구,서울특별시 송파구 문정동 법원로9길 26 에이치비지니스파크,도심공원,37.48479422,127.117595,1,2021-01-12
송파구,서울특별시 송파구 문정동 새말로 172 트윈팰리스,도심공원,37.48526284,127.1327147,3,2021-01-12
송파구,서울특별시 송파구 문정동 새말로15길 7 ,도심공원,37.48558426,127.1292267,1,2021-01-12
송파구,서울특별시 송파구 문정동 정의로7길 10 KG TOWER,도심공원,37.4855957,127.1133499,1,2021-01-12
송파구,서울특별시 송파구 문정동 문정로 23 ,도심공원,37.48602295,127.1250687,1,2021-01-12
송파구,서울특별시 송파구 문정동 새말로17길 6 ,도심공원,37.48620148,127.1311418,4,2021-01-12
송파구,서울특별시 송파구 문정동 문정로 59 ,도심공원,37.48665237,127.12957,1,2021-01-12
송파구,서울특별시 송파구 문정동 정의로8길 9 AJ빌딩,도심공원,37.48684311,127.1166229,1,2021-01-12
송파구,서울특별시 송파구 문정동 송이로33길 8 아녜스빌,도심공원,37.48768822,127.1342204,4,2021-01-12
송파구,서울특별시 송파구 문정동 송이로 238 해파빌딩,도심공원,37.48794174,127.1311646,1,2021-01-12
송파구,서울특별시 송파구 문정동 동남로2길 5 문정캐슬,도심공원,37.48819267,127.123968,1,2021-01-12
송파구,거여2동 296-2 농안어린이공원,도심공원,37.48822579,127.1436139,5,2021-01-12
송파구,서울특별시 송파구 문정동 동남로8길 13 ,도심공원,37.4890976,127.1264725,2,2021-01-12
송파구,문정동 2(두댐이공원),도심공원,37.48927567,127.1315969,4,2021-01-12
송파구,서울특별시 송파구 거여동 양산로4길 13 우토 파크빌딩,도심공원,37.48968238,127.1443708,1,2021-01-12
송파구,장지근린공원 배드민턴장윗공원,도심공원,37.49029677,127.1366302,1,2021-01-12
송파구,문정동 2(두댐이공원 내),도심공원,37.49037933,127.1322632,1,2021-01-12
송파구,문정2동 150-5(훼미리공원),도심공원,37.49072556,127.1138928,1,2021-01-12
송파구,가락동 산 77 (투구봉정상쉼터),도심공원,37.49076539,127.1370979,1,2021-01-12
송파구,서울특별시 송파구 거여동 양산로8길 35 ,도심공원,37.49091887,127.1474641,2,2021-01-12
송파구,서울특별시 송파구 가락동 동남로 125 진남빌딩,도심공원,37.49162674,127.1242905,1,2021-01-12
송파구,문정1동 2(문정래미안가락프라자사이),도심공원,37.49166158,127.1318792,1,2021-01-12
송파구,송파 파인타운1단지(장지근린공원(공원진입로쉽터)),도심공원,37.49197496,127.1375324,1,2021-01-12
송파구,서울특별시 송파구 마천동 성내천로43라길 31 ,도심공원,37.49217067,127.1572018,5,2021-01-12
송파구,서울특별시 송파구 거여동 오금로 516 삼정빌딩,도심공원,37.49223577,127.1464744,4,2021-01-12
송파구,거여동 371-1(거여우방아파트 뒤),도심공원,37.49247614,127.1418332,1,2021-01-12
송파구,서울특별시 송파구 가락동 송이로24길 11 더 블리스,도심공원,37.49265289,127.1238861,2,2021-01-12
송파구,서울특별시 송파구 가락동 문정로 149 ,도심공원,37.49289322,127.1368256,1,2021-01-12
송파구,서울특별시 송파구 가락동 송이로 158 ,도심공원,37.49289955,127.1243591,4,2021-01-12
송파구,거여동 591-1,도심공원,37.4929578,127.1517174,1,2021-01-12
송파구,거여동 591-1,도심공원,37.49297483,127.1517939,1,2021-01-12
송파구,거여동 591-1,도심공원,37.49299079,127.1518716,1,2021-01-12
송파구,서울특별시 송파구 마천동 마천로 331 ,도심공원,37.49301739,127.1517778,1,2021-01-12
송파구,서울특별시 송파구 거여동 오금로 525 ,도심공원,37.49302339,127.1476642,1,2021-01-12
송파구,서울특별시 송파구 거여동 오금로 525 ,도심공원,37.49302446,127.1475421,1,2021-01-12
송파구,서울특별시 송파구 거여동 오금로 525 ,도심공원,37.49302658,127.1475971,1,2021-01-12
송파구,서울특별시 송파구 가락동 문정로 163 ,도심공원,37.49305181,127.1379722,1,2021-01-12
송파구,서울특별시 송파구 거여동 오금로 525 ,도심공원,37.49306808,127.1475917,1,2021-01-12
송파구,서울특별시 송파구 가락동 동남로16길 15 ,도심공원,37.49309621,127.1318861,1,2021-01-12
송파구,서울특별시 송파구 마천동 마천로 331 ,도심공원,37.49316742,127.1518408,1,2021-01-12
송파구,서울특별시 송파구 마천동 마천로 331 ,도심공원,37.49321531,127.1518609,1,2021-01-12
송파구,서울특별시 송파구 마천동 마천로 331 ,도심공원,37.4932334,127.1517791,1,2021-01-12
송파구,서울특별시 송파구 마천동 마천로 331 ,도심공원,37.49325149,127.151932,1,2021-01-12
송파구,서울특별시 송파구 거여동 오금로 525 ,도심공원,37.49325642,127.1477406,1,2021-01-12
송파구,서울특별시 송파구 거여동 오금로 525 ,도심공원,37.49330963,127.1478237,1,2021-01-12
송파구,서울특별시 송파구 거여동 오금로 525 ,도심공원,37.49331282,127.147758,1,2021-01-12
송파구,서울특별시 송파구 거여동 오금로 525 ,도심공원,37.49331495,127.1476896,1,2021-01-12
송파구,서울특별시 송파구 가락동 동남로16길 15 ,도심공원,37.49335861,127.1310196,1,2021-01-12
송파구,서울특별시 송파구 거여동 오금로 533 ,도심공원,37.49336783,127.1486916,1,2021-01-12
송파구,서울특별시 송파구 거여동 오금로 533 ,도심공원,37.49337102,127.14876,1,2021-01-12
송파구,서울특별시 송파구 거여동 오금로 533 ,도심공원,37.4933774,127.1486272,1,2021-01-12
송파구,가락동 195 개롱근린공원 화장실 앞,도심공원,37.49337878,127.1302295,4,2021-01-12
송파구,서울특별시 송파구 거여동 오금로 533 ,도심공원,37.49340932,127.148713,1,2021-01-12
송파구,서울특별시 송파구 가락동 문정로 163 ,도심공원,37.49342355,127.1376397,1,2021-01-12
송파구,서울특별시 송파구 거여동 오금로 533 ,도심공원,37.49342529,127.1489423,1,2021-01-12
송파구,서울특별시 송파구 거여동 오금로 525 ,도심공원,37.49344263,127.1477862,1,2021-01-12
송파구,서울특별시 송파구 거여동 오금로 525 ,도심공원,37.49344476,127.1476709,1,2021-01-12
송파구,서울특별시 송파구 거여동 오금로 533 ,도심공원,37.4934604,127.1488605,1,2021-01-12
송파구,서울특별시 송파구 거여동 오금로 533 ,도심공원,37.49347104,127.1489236,1,2021-01-12
송파구,서울특별시 송파구 거여동 오금로 525 ,도심공원,37.49347668,127.1477352,1,2021-01-12
송파구,서울특별시 송파구 거여동 오금로 533 ,도심공원,37.49347742,127.1489839,1,2021-01-12
송파구,서울특별시 송파구 거여동 오금로 525 ,도심공원,37.49351818,127.1477808,1,2021-01-12
송파구,서울특별시 송파구 거여동 오금로 533 ,도심공원,37.49351892,127.1489128,1,2021-01-12
송파구,서울특별시 송파구 거여동 오금로 533 ,도심공원,37.49358596,127.1485414,1,2021-01-12
송파구,서울특별시 송파구 거여동 오금로 533 ,도심공원,37.49363384,127.1485186,1,2021-01-12
송파구,서울특별시 송파구 거여동 오금로 533 ,도심공원,37.49366151,127.1484703,1,2021-01-12
송파구,서울특별시 송파구 거여동 오금로 533 ,도심공원,37.4936647,127.1485749,1,2021-01-12
송파구,가락동 195 개롱근린공원 정상,도심공원,37.49367671,127.1307583,3,2021-01-12
송파구,서울특별시 송파구 거여동 오금로 533 ,도심공원,37.49373599,127.148823,1,2021-01-12
송파구,서울특별시 송파구 거여동 오금로 533 ,도심공원,37.49375727,127.1487439,1,2021-01-12
송파구,서울특별시 송파구 거여동 오금로 533 ,도심공원,37.49377217,127.1487975,1,2021-01-12
송파구,서울특별시 송파구 거여동 오금로 533 ,도심공원,37.49379983,127.1488538,1,2021-01-12
송파구,서울특별시 송파구 거여동 오금로 533 ,도심공원,37.49380835,127.148768,1,2021-01-12
송파구,서울특별시 송파구 가락동 동남로13길 37 신한에스빌아파트,도심공원,37.49416904,127.1252317,5,2021-01-12
송파구,마천동 607 송파파크데일(2단지 놀이터 입구),도심공원,37.49421014,127.1588955,3,2021-01-12
송파구,거여동145(장지근린공원),도심공원,37.49424362,127.1399384,1,2021-01-12
송파구,마천동 607 송파파크데일(205동 놀이터 內),도심공원,37.49430588,127.1594805,3,2021-01-12
송파구,송파 파인타운1단지(장지근린공원(화장실입구)),도심공원,37.4943832,127.1387294,1,2021-01-12
송파구,서울특별시 송파구 가락동 동남로13길 37 신한에스빌아파트,도심공원,37.49448611,127.125607,2,2021-01-12
송파구,서울특별시 송파구 거여동 오금로 475 ,도심공원,37.49486866,127.1427057,4,2021-01-12
송파구,서울특별시 송파구 가락동 오금로 440 ,도심공원,37.4953014,127.1384167,1,2021-01-12
송파구,가락동 산78 장지근린공원(투구봉동산),도심공원,37.49548453,127.1376426,2,2021-01-12
송파구,서울특별시 송파구 마천동 성내천로43마길 1 ,도심공원,37.49567705,127.1570822,6,2021-01-12
송파구,서울특별시 송파구 거여동 오금로53길 9 세신하이츠빌라,도심공원,37.49629242,127.1419511,1,2021-01-12
송파구,서울특별시 송파구 가락동 송이로20길 12 ,도심공원,37.49661672,127.1193828,3,2021-01-12
송파구,서울특별시 송파구 마천동 마천로 295 메디파크빌딩,도심공원,37.49695587,127.149353,3,2021-01-12
송파구,서울특별시 송파구 가락동 동남로20길 3 대련아파트,도심공원,37.49695884,127.1339373,2,2021-01-12
송파구,서울특별시 송파구 가락동 동남로17길 5 ,도심공원,37.49705621,127.1319067,1,2021-01-12
송파구,서울특별시 송파구 거여동 거마로13길 14 ,도심공원,37.49729836,127.1444718,3,2021-01-12
송파구,마천동 607 송파파크데일(201동 앞 놀이터),도심공원,37.49739643,127.1587226,3,2021-01-12
송파구,서울특별시 송파구 가락동 동남로9길 58 ,도심공원,37.49761006,127.1264688,3,2021-01-12
송파구,가락동 479_기부체납,도심공원,37.49764882,127.1081878,1,2021-01-12
송파구,가락동 37(가락공원),도심공원,37.49765396,127.1240234,1,2021-01-12
송파구,가락동 479_기부체납,도심공원,37.49775097,127.1085419,1,2021-01-12
송파구,가락동 479_기부체납,도심공원,37.49785311,127.1088745,1,2021-01-12
송파구,서울특별시 송파구 거여동 거마로7길 34 제일빌라,도심공원,37.49789429,127.1425476,2,2021-01-12
송파구,서울특별시 송파구 가락동 송이로17길 1 ,도심공원,37.49808349,127.1213575,3,2021-01-12
송파구,서울특별시 송파구 가락동 송이로19길 25 청운주택,도심공원,37.49829883,127.123273,4,2021-01-12
송파구,서울특별시 송파구 오금동 동남로24길 35 명성골든빌라,도심공원,37.49844453,127.1393831,3,2021-01-12
송파구,송파동 188-5,도심공원,37.49876022,127.1142654,4,2021-01-12
송파구,가락동 479_기부체납,도심공원,37.49881782,127.1050226,1,2021-01-12
송파구,서울특별시 송파구 가락동 송이로19길 36 ,도심공원,37.49886703,127.1244049,1,2021-01-12
송파구,송파동 188-5,도심공원,37.4989357,127.1150131,5,2021-01-12
송파구,오금동 156(목련공원),도심공원,37.49897766,127.1389465,1,2021-01-12
송파구,서울특별시 송파구 석촌동 가락로12길 4 파크팰리스,도심공원,37.4990894,127.1058402,1,2021-01-12
송파구,서울특별시 송파구 석촌동 송파대로37길 53 거리가게 38호,도심공원,37.49933279,127.1067982,1,2021-01-12
송파구,서울특별시 송파구 오금동 동남로24길 17 ,도심공원,37.49933811,127.1388412,3,2021-01-12
송파구,서울특별시 송파구 삼전동 백제고분로32길 29 ,도심공원,37.49937446,127.0949059,4,2021-01-12
송파구,서울특별시 송파구 석촌동 가락로 70 ,도심공원,37.49938369,127.1045898,1,2021-01-12
송파구,마천동 582 송파파크데일(104동 놀이터 입구),도심공원,37.49941169,127.1591266,3,2021-01-12
송파구,서울특별시 송파구 마천동 거마로22길 7 ,도심공원,37.49947457,127.1484916,2,2021-01-12
송파구,서울특별시 송파구 삼전동 백제고분로28길 19 세풍빌라,도심공원,37.49958038,127.0926285,1,2021-01-12
송파구,마천동 582 송파파크데일(104동 놀이터 內),도심공원,37.4995814,127.1597978,3,2021-01-12
송파구,마천동 산1-5,도심공원,37.49959846,127.1550139,5,2021-01-12
송파구,서울특별시 송파구 석촌동 가락로12길 4 파크팰리스,도심공원,37.49960942,127.1055966,1,2021-01-12
송파구,서울특별시 송파구 삼전동 백제고분로32길 6 ,도심공원,37.4996109,127.0931168,2,2021-01-12
송파구,서울특별시 송파구 송파동 송이로12길 22 ,도심공원,37.49973297,127.1157303,2,2021-01-12
송파구,서울특별시 송파구 마천동 감이남로 87 ,도심공원,37.49979401,127.160965,2,2021-01-12
송파구,오금동 51 오금공원(송파도서관 옆 쉼터),도심공원,37.49997503,127.1343072,4,2021-01-12
송파구,서울특별시 송파구 마천동 거마로 90 에이빌딩,도심공원,37.50000763,127.1486282,1,2021-01-12
송파구,서울특별시 송파구 석촌동 가락로 89 광동빌딩,도심공원,37.50000947,127.1066802,1,2021-01-12
송파구,마천동 산 1-5 천마공원(잔디구장화장실),도심공원,37.50007997,127.1593037,3,2021-01-12
송파구,서울특별시 송파구 송파동 송파대로34가길 18 ,도심공원,37.50022536,127.1152969,5,2021-01-12
송파구,마천2동 산1-5 주차장 및 쉼터,도심공원,37.50026085,127.159073,3,2021-01-12
송파구,서울특별시 송파구 석촌동 가락로 65 선일빌딩,도심공원,37.50040054,127.1037827,2,2021-01-12
송파구,마천동 산 1-5 천마공원내(잔디구장 주변 쉼터),도심공원,37.50045713,127.1607628,3,2021-01-12
송파구,오금동 51 오금공원(관리사무소 옆 운동장 입구),도심공원,37.50050117,127.1321207,4,2021-01-12
송파구,오금동 51 오금공원(도서관 뒷편),도심공원,37.50072169,127.134791,3,2021-01-12
송파구,서울특별시 송파구 가락동 송이로15길 31 가락2차쌍용아파트,도심공원,37.50073587,127.1227472,3,2021-01-12
송파구,서울특별시 송파구 송파동 송이로 50 송파SK아파트,도심공원,37.50097633,127.1189197,6,2021-01-12
송파구,오금동 51 오금공원(화장실 주변 어린이공원),도심공원,37.50099392,127.1336328,5,2021-01-12
송파구,서울특별시 송파구 오금동 동남로23가길 30 ,도심공원,37.50103954,127.1318366,4,2021-01-12
송파구,서울특별시 송파구 오금동 동남로23가길 4 오금파크빌,도심공원,37.50114287,127.1336945,2,2021-01-12
송파구,서울특별시 송파구 가락동 송이로17길 43 ,도심공원,37.50114967,127.1246289,4,2021-01-12
송파구,서울특별시 송파구 마천동 거마로27길 44 ,도심공원,37.50125335,127.1449456,3,2021-01-12
송파구,서울특별시 송파구 가락동 송이로17길 50 ,도심공원,37.50126266,127.1250916,1,2021-01-12
송파구,서울특별시 송파구 송파동 송이로10길 12 ,도심공원,37.50137711,127.1152649,2,2021-01-12
송파구,서울특별시 송파구 삼전동 백제고분로22길 28 ,도심공원,37.50169812,127.0871502,4,2021-01-12
송파구,서울특별시 송파구 마천동 거마로27길 36 ,도심공원,37.50170135,127.1457367,1,2021-01-12
송파구,서울특별시 송파구 삼전동 백제고분로22길 19 ,도심공원,37.50170382,127.0900299,4,2021-01-12
송파구,서울특별시 송파구 오금동 성내천로 87 우방아파트,도심공원,37.50175476,127.1399612,1,2021-01-12
송파구,서울특별시 송파구 가락동 송이로15길 38 ,도심공원,37.50191437,127.1230917,1,2021-01-12
송파구,오금동 51 오금공원(인공폭포 뒤 팔각정),도심공원,37.50199777,127.1290433,4,2021-01-12
송파구,마천동 68-5(천마근린공원),도심공원,37.50238078,127.1540001,1,2021-01-12
송파구,서울특별시 송파구 가락동 송이로15길 48 그린힐,도심공원,37.50239155,127.123872,3,2021-01-12
송파구,오금동 51 (인공폭포 위),도심공원,37.50243203,127.1299572,3,2021-01-12
송파구,서울특별시 송파구 삼전동 백제고분로 232 남양빌딩,도심공원,37.50252151,127.0925903,1,2021-01-12
송파구,서울특별시 송파구 오금동 마천로 195 두일그린빌,도심공원,37.50258381,127.1417697,3,2021-01-12
송파구,서울특별시 송파구 석촌동 백제고분로40길 6 ,도심공원,37.5031395,127.1068954,2,2021-01-12
송파구,서울특별시 송파구 오금동 마천로25길 2 ,도심공원,37.50322495,127.1408216,3,2021-01-12
송파구,서울특별시 송파구 송파동 가락로19길 9 ,도심공원,37.50329289,127.1106536,4,2021-01-12
송파구,오금동 51 오금공원(배수지 뒷편),도심공원,37.50344413,127.1320976,4,2021-01-12
송파구,서울특별시 송파구 잠실동 삼전로 41 ,도심공원,37.50351572,127.0865157,1,2021-01-12
송파구,서울특별시 송파구 오금동 동남로30길 26 ,도심공원,37.50352655,127.1415739,2,2021-01-12
송파구,서울특별시 송파구 송파동 송이로 17 ,도심공원,37.50355894,127.1161843,3,2021-01-12
송파구,서울특별시 송파구 잠실동 삼전로 41 ,도심공원,37.50385666,127.0863266,1,2021-01-12
송파구,서울특별시 송파구 송파동 가락로 153 ,도심공원,37.50391083,127.1124691,4,2021-01-12
송파구,서울특별시 송파구 송파동 송이로 8 ,도심공원,37.50394821,127.1157303,1,2021-01-12
송파구,서울특별시 송파구 오금동 중대로29길 13 A원빌딩,도심공원,37.50415715,127.1281017,1,2021-01-12
송파구,서울특별시 송파구 잠실동 도곡로64길 37 ,도심공원,37.50422968,127.0822952,1,2021-01-12
송파구,서울특별시 송파구 오금동 동남로30길 12 태림빌라,도심공원,37.50440979,127.1402206,1,2021-01-12
송파구,서울특별시 송파구 오금동 성내천로 39 ,도심공원,37.50468826,127.1372375,1,2021-01-12
송파구,서울특별시 송파구 송파동 가락로23길 8 ,도심공원,37.50484233,127.1126898,3,2021-01-12
송파구,서울특별시 송파구 오금동 동남로30길 12 태림빌라,도심공원,37.50487418,127.1400149,2,2021-01-12
송파구,서울특별시 송파구 오금동 마천로 104 신원빌딩,도심공원,37.50507132,127.1316341,4,2021-01-12
송파구,서울특별시 송파구 오금동 마천로25길 34 해태음료,도심공원,37.50520325,127.1402893,1,2021-01-12
송파구,서울특별시 송파구 잠실동 도곡로 450 앙시레이크타워,도심공원,37.50520476,127.0787599,3,2021-01-12
송파구,서울특별시 송파구 삼전동 백제고분로25길 16 성은파크빌,도심공원,37.50527633,127.0921521,5,2021-01-12
송파구,서울특별시 송파구 오금동 마천로25길 34 해태음료,도심공원,37.5054512,127.1402283,2,2021-01-12
송파구,서울특별시 송파구 오금동 성내천로 29 ,도심공원,37.50566873,127.1371683,2,2021-01-12
송파구,서울특별시 송파구 잠실동 도곡로64길 7 부렴어린이집,도심공원,37.50587579,127.079341,1,2021-01-12
송파구,서울특별시 송파구 석촌동 석촌호수로18길 8 ,도심공원,37.50588989,127.1001205,2,2021-01-12
송파구,서울특별시 송파구 오금동 마천로25길 34 해태음료,도심공원,37.50597382,127.1405792,1,2021-01-12
송파구,서울특별시 송파구 삼전동 석촌호수로 162 강남중앙교회,도심공원,37.50600052,127.0957336,3,2021-01-12
송파구,서울특별시 송파구 오금동 마천로13길 12 ,도심공원,37.50601366,127.1340117,3,2021-01-12
송파구,서울특별시 송파구 석촌동 백제고분로37가길 24 금성빌라,도심공원,37.50613403,127.1027603,2,2021-01-12
송파구,서울특별시 송파구 송파동 백제고분로42길 13 ,도심공원,37.50616837,127.1105042,2,2021-01-12
송파구,서울특별시 송파구 오금동 마천로25길 36 본스베이커리,도심공원,37.50632095,127.1409531,2,2021-01-12
송파구,서울특별시 송파구 송파동 백제고분로42길 13 ,도심공원,37.50633358,127.1102926,3,2021-01-12
송파구,서울특별시 송파구 잠실동 올림픽로12길 52 ,도심공원,37.50633621,127.0837555,1,2021-01-12
송파구,서울특별시 송파구 송파동 가락로28길 7 ,도심공원,37.50640854,127.1176348,3,2021-01-12
송파구,서울특별시 송파구 오금동 마천로 101 홍은카센타,도심공원,37.50688171,127.1314011,1,2021-01-12
송파구,서울특별시 송파구 오금동 성내천로 6 송파레미니스,도심공원,37.50716487,127.1369202,2,2021-01-12
송파구,잠실동 47 석촌호수(서호) 공연장 아래,도심공원,37.50718635,127.0980592,3,2021-01-12
송파구,서울특별시 송파구 송파동 백제고분로44길 13 마이바움,도심공원,37.50731659,127.1129684,1,2021-01-12
송파구,서울특별시 송파구 송파동 백제고분로44길 13 공영주차장,도심공원,37.50741196,127.1131973,2,2021-01-12
송파구,서울특별시 송파구 잠실동 석촌호수로 155 잠실3동자치회관2관,도심공원,37.50770596,127.0941745,4,2021-01-12
송파구,서울특별시 송파구 잠실동 백제고분로11길 5 엘하임,도심공원,37.50772476,127.0809402,1,2021-01-12
송파구,서울특별시 송파구 잠실동 석촌호수로 82 ,도심공원,37.50806352,127.0863241,3,2021-01-12
송파구,서울특별시 송파구 오금동 중대로 317 ,도심공원,37.50818809,127.1322151,4,2021-01-12
송파구,서울특별시 송파구 오금동 마천로 77 ,도심공원,37.50838995,127.1294347,3,2021-01-12
송파구,서울특별시 송파구 오금동 중대로 317 ,도심공원,37.50841788,127.1322145,1,2021-01-12
송파구,서울특별시 송파구 방이동 가락로 231 소망빌딩,도심공원,37.50858281,127.1178915,3,2021-01-12
송파구,서울특별시 송파구 잠실동 송파나루길 34 석촌호수 서호 놀이마당 화장실,도심공원,37.50860263,127.0978219,3,2021-01-12
송파구,서울특별시 송파구 방이동 마천로 20 창암빌딩,도심공원,37.50916855,127.1231661,1,2021-01-12
송파구,서울특별시 송파구 방이동 가락로33길 15 ,도심공원,37.50941467,127.1159134,3,2021-01-12
송파구,잠실동 47 석촌호수(서호) 시계탑 맞은편,도심공원,37.50944172,127.102737,4,2021-01-12
송파구,서울특별시 송파구 송파동 백제고분로41길 36 ,도심공원,37.50958633,127.1070557,1,2021-01-12
송파구,서울특별시 송파구 송파동 백제고분로41길 36 한나몬테소리어린이집,도심공원,37.5098053,127.1068163,4,2021-01-12
송파구,잠실동 84 아시아공원 중앙 삼거리,도심공원,37.51015749,127.0760571,4,2021-01-12
송파구,신천동 32 석촌호수(동호) 석촌호수교,도심공원,37.51022355,127.1032178,4,2021-01-12
송파구,서울특별시 송파구 잠실동 송파나루길 256 문화공간 호수,도심공원,37.5102961,127.1016889,3,2021-01-12
송파구,서울특별시 송파구 잠실동 올림픽로 44 아시아공원,도심공원,37.51033621,127.0752202,3,2021-01-12
송파구,잠실동 84 아시아공원 종합운동장역(2호선) 12출구 사이,도심공원,37.5107362,127.0749735,4,2021-01-12
송파구,신천동 32 잠실호수교 부근,도심공원,37.51098676,127.1023416,2,2021-01-12
송파구,잠실동 84 아시아공원 종합운동장역 (9호선) 9번출구 입구,도심공원,37.51100854,127.0776772,3,2021-01-12
송파구,서울특별시 송파구 방이동 양재대로71길 16 ,도심공원,37.5111618,127.1250305,1,2021-01-12
송파구,서울특별시 송파구 방이동 가락로 259 금성빌라,도심공원,37.51186752,127.1180725,1,2021-01-12
송파구,신천동 32 롯데월드 타워 맞은편,도심공원,37.51199147,127.1038976,1,2021-01-12
송파구,서울특별시 송파구 신천동 송파나루길 166 석촌호수 동호 관리사무소 및 화장실,도심공원,37.51214464,127.107707,3,2021-01-12
송파구,서울특별시 송파구 신천동 송파나루길 206 송파관광정보센터,도심공원,37.5123021,127.1048257,1,2021-01-12
송파구,신천동 32 롯데월드몰 서편 맞은편,도심공원,37.512634,127.1054319,2,2021-01-12
송파구,서울특별시 송파구 방이동 백제고분로 474 ,도심공원,37.51272115,127.1149615,1,2021-01-12
송파구,서울특별시 송파구 방이동 양재대로71길 42 ,도심공원,37.51296747,127.1233293,3,2021-01-12
송파구,잠실동 22 부리근린공원 입구 주변,도심공원,37.51302921,127.086803,4,2021-01-12
송파구,서울특별시 송파구 방이동 오금로13길 21 ,도심공원,37.51307297,127.1102829,2,2021-01-12
송파구,서울특별시 송파구 신천동 잠실로 209 ,도심공원,37.51314037,127.1064672,1,2021-01-12
송파구,서울특별시 송파구 방이동 오금로 95 국제빌딩,도심공원,37.5134595,127.1071377,1,2021-01-12
송파구,잠실동 19(뽕나무근린공원 내),도심공원,37.51383838,127.0821215,1,2021-01-12
송파구,서울특별시 송파구 방이동 오금로11길 64 방이중학교,도심공원,37.51455688,127.1139832,1,2021-01-12
송파구,서울특별시 송파구 방이동 위례성대로 2 장은빌딩,도심공원,37.51645519,127.1123525,1,2021-01-12
송파구,신천동 17-10 하늘가림근린공원 중앙정자 앞,도심공원,37.51946892,127.107228,4,2021-01-12
송파구,신천동 20-7(온조마루근린공원 내),도심공원,37.51992798,127.1098328,1,2021-01-12
송파구,서울특별시 송파구 풍납동 토성로3길 11 칼라하우스202동,도심공원,37.53233337,127.1121292,1,2021-01-12
송파구,서울특별시 송파구 풍납동 한가람로 410 ,도심공원,37.53443488,127.1121329,1,2021-01-12
송파구,서울특별시 송파구 풍납동 바람드리22길 3 ,도심공원,37.53605522,127.1214696,2,2021-01-12
송파구,서울특별시 송파구 풍납동 바람드리23길 1 ,도심공원,37.53728099,127.121315,4,2021-01-12
송파구,서울특별시 송파구 풍납동 천호대로152길 9 ,도심공원,37.53825378,127.1219635,4,2021-01-12
송파구,서울특별시 송파구 풍납동 바람드리13길 17 ,도심공원,37.53941464,127.1201892,5,2021-01-12
송파구,서울특별시 송파구 장지동 성남대로 1565 ,방범,37.46930028,127.1260623,3,2021-01-12
송파구,장지동 612-8 화훼마을,방범,37.4699123,127.1255562,3,2021-01-12
송파구,장지동 925,방범,37.47431183,127.1424255,5,2021-01-12
송파구,위례동 2,방범,37.47451401,127.1387177,3,2021-01-12
송파구,장지동 393,방범,37.47543,127.1421,3,2021-01-12
송파구,장지동 393,방범,37.4755,127.14112,4,2021-01-12
송파구,위례동 1,방범,37.47609711,127.1375122,3,2021-01-12
송파구,위례동 3,방범,37.47726059,127.1415176,4,2021-01-12
송파구,장지동 390-4,방범,37.47734451,127.1371002,3,2021-01-12
송파구,장지동 393,방범,37.477498,127.142812,5,2021-01-12
송파구,장지동 844 701동 앞,방범,37.47898923,127.1297939,2,2021-01-12
송파구,장지동 885 위례스타힐스아파트 2509 맞은편 휴먼링,방범,37.47916417,127.1474178,5,2021-01-12
송파구,서울특별시 송파구 장지동 충민로6길 67 삼광교통(주)사옥,방범,37.47971725,127.1352692,2,2021-01-12
송파구,장지동 859-3 지하보도입구,방범,37.47990378,127.1342531,2,2021-01-12
송파구,서울특별시 송파구 문정동 송파대로 106 ,방범,37.48001257,127.1268428,2,2021-01-12
송파구,서울특별시 송파구 문정동 송파대로 106 동부주택브리앙뜨,방범,37.48036373,127.1257734,3,2021-01-12
송파구,서울특별시 송파구 장지동 충민로6길 61 서울버스,방범,37.48045731,127.1378403,2,2021-01-12
송파구,장지동 420,방범,37.480791,127.1431,5,2021-01-12
송파구,서울특별시 송파구 장지동 충민로 99 문현중학교,방범,37.48089981,127.1283798,1,2021-01-12
송파구,장지동 848 아이코리아 앞,방범,37.48093318,127.1330235,3,2021-01-12
송파구,서울특별시 송파구 문정동 새말로10길 9 정윤빌리지,방범,37.48103213,127.127622,3,2021-01-12
송파구,서울특별시 송파구 장지동 위례광장로 215 위례스타힐스,방범,37.48126984,127.1446762,3,2021-01-12
송파구,서울특별시 송파구 문정동 새말로10길 9 정윤빌리지,방범,37.48138628,127.1275763,2,2021-01-12
송파구,장지동 887 송파학사(밀리토피아) 맞은편 휴먼링,방범,37.48143741,127.1475037,5,2021-01-12
송파구,서울특별시 송파구 장지동 위례광장로 185 위례신도시 송파푸르지오,방범,37.48156357,127.141983,4,2021-01-12
송파구,서울특별시 송파구 문정동 새말로6길 24 ,방범,37.48194236,127.1287574,3,2021-01-12
송파구,서울특별시 송파구 문정동 새말로12길 3 ,방범,37.48250489,127.1293774,3,2021-01-12
송파구,서울특별시 송파구 문정동 새말로 133 부일빌딩,방범,37.48350859,127.1285664,3,2021-01-12
송파구,서울특별시 송파구 문정동 새말로 145 B.K상사,방범,37.48431396,127.1296082,1,2021-01-12
송파구,서울특별시 송파구 문정동 새말로 148 ,방범,37.48451614,127.1307449,3,2021-01-12
송파구,서울특별시 송파구 문정동 새말로13길 9 ,방범,37.48472054,127.1281791,4,2021-01-12
송파구,서울특별시 송파구 문정동 새말로 172 트윈팰리스,방범,37.48536301,127.1321793,1,2021-01-12
송파구,서울특별시 송파구 문정동 새말로15길 7 ,방범,37.48579788,127.1293411,5,2021-01-12
송파구,문정동 150 올림픽훼밀리타운 309동 앞,방범,37.48626847,127.1133972,4,2021-01-12
송파구,서울특별시 송파구 문정동 송파대로 178 가로분식점,방범,37.48654556,127.1229935,3,2021-01-12
송파구,서울특별시 송파구 문정동 문정로 11 ,방범,37.48667887,127.1243972,3,2021-01-12
송파구,문정동 150 올림픽훼밀리타운 233동 앞,방범,37.48680944,127.1149935,4,2021-01-12
송파구,서울특별시 송파구 문정동 동남로6길 25 전원빌라,방범,37.48709566,127.1253493,4,2021-01-12
송파구,서울특별시 송파구 문정동 문정로 55 ,방범,37.48728943,127.1286163,6,2021-01-12
송파구,서울특별시 송파구 문정동 동남로2길 21 유성빌라트,방범,37.48730087,127.1231232,2,2021-01-12
송파구,서울특별시 송파구 문정동 동남로2길 15 ,방범,37.48738002,127.1225322,4,2021-01-12
송파구,서울특별시 송파구 문정동 동남로6길 29 ,방범,37.4874115,127.1266403,3,2021-01-12
송파구,서울특별시 송파구 문정동 송이로 238 해파빌딩,방범,37.48743508,127.1312965,3,2021-01-12
송파구,서울특별시 송파구 문정동 동남로2길 21 호연하우스,방범,37.48766708,127.1243134,4,2021-01-12
송파구,문정동 150 호순이상가 앞,방범,37.48793108,127.1182304,4,2021-01-12
송파구,서울특별시 송파구 문정동 동남로 94 ,방범,37.48802092,127.122808,3,2021-01-12
송파구,서울특별시 송파구 문정동 동남로4길 13 ,방범,37.488039,127.124815,3,2021-01-12
송파구,서울특별시 송파구 문정동 송이로37가길 22 광남캐스빌아파트,방범,37.48812681,127.1353298,3,2021-01-12
송파구,서울특별시 송파구 문정동 동남로 94 ,방범,37.4885788,127.1224442,1,2021-01-12
송파구,문정동 150,방범,37.488733,127.120777,4,2021-01-12
송파구,서울특별시 송파구 문정동 동남로8길 29 ,방범,37.48876572,127.1273422,1,2021-01-12
송파구,서울특별시 송파구 문정동 동남로4길 13 ,방범,37.48892188,127.1249632,3,2021-01-12
송파구,서울특별시 송파구 문정동 동남로2길 5 문정캐슬,방범,37.48896027,127.1237564,1,2021-01-12
송파구,서울특별시 송파구 문정동 동남로6가길 2 ,방범,37.48897171,127.1256027,1,2021-01-12
송파구,서울특별시 송파구 문정동 송이로31길 24 자나투빌,방범,37.48950421,127.1349553,3,2021-01-12
송파구,서울특별시 송파구 문정동 동남로8길 13 ,방범,37.48954391,127.1261292,1,2021-01-12
송파구,서울특별시 송파구 거여동 양산로4길 13 우토 파크빌딩,방범,37.48959281,127.1449142,4,2021-01-12
송파구,서울특별시 송파구 문정동 중대로 16 문정2동주민센터,방범,37.48960071,127.1100094,3,2021-01-12
송파구,서울특별시 송파구 문정동 송이로31길 20 대동아트빌라,방범,37.48971558,127.1334076,1,2021-01-12
송파구,서울특별시 송파구 거여동 양산로 1 브니엘교회,방범,37.48974991,127.1428757,3,2021-01-12
송파구,서울특별시 송파구 문정동 동남로4길 7 ,방범,37.48978806,127.1243362,4,2021-01-12
송파구,서울특별시 송파구 가락동 송파대로 220 가락한신아파트,방범,37.48991013,127.1211929,2,2021-01-12
송파구,서울특별시 송파구 문정동 송이로 190 현대자동차공업사,방범,37.49003454,127.1275245,3,2021-01-12
송파구,서울특별시 송파구 가락동 동남로 117 ,방범,37.49005376,127.1243316,2,2021-01-12
송파구,서울특별시 송파구 가락동 동남로3길 4 ,방범,37.49014282,127.122467,2,2021-01-12
송파구,서울특별시 송파구 거여동 양산로8길 41 ,방범,37.49018598,127.1483911,2,2021-01-12
송파구,서울특별시 송파구 문정동 송이로31길 30 ,방범,37.49022293,127.1339874,1,2021-01-12
송파구,서울특별시 송파구 문정동 송파대로27길 30 태림빌딩,방범,37.4906566,127.115307,2,2021-01-12
송파구,서울특별시 송파구 문정동 동남로 126 송학빌딩,방범,37.490705,127.1259101,2,2021-01-12
송파구,서울특별시 송파구 거여동 마천로 392 ,방범,37.49075699,127.1569214,1,2021-01-12
송파구,서울특별시 송파구 거여동 오금로64나길 26 ,방범,37.49080658,127.1491394,2,2021-01-12
송파구,서울특별시 송파구 거여동 양산로8길 35 ,방범,37.49090279,127.1472245,1,2021-01-12
송파구,서울특별시 송파구 거여동 양산로 21 거송빌라,방범,37.49110472,127.1435083,2,2021-01-12
송파구,서울특별시 송파구 마천동 감이남로 5 ,방범,37.491117,127.158031,4,2021-01-12
송파구,서울특별시 송파구 가락동 중대로 70 가로판매대,방범,37.491129,127.116895,4,2021-01-12
송파구,서울특별시 송파구 거여동 오금로64가길 14 ,방범,37.49116,127.148508,3,2021-01-12
송파구,서울특별시 송파구 거여동 양산로8길 29 현대그린빌라,방범,37.49127609,127.1479864,3,2021-01-12
송파구,서울특별시 송파구 거여동 양산로8길 29 현대그린빌라,방범,37.49128142,127.1475285,5,2021-01-12
송파구,서울특별시 송파구 가락동 동남로 129 ,방범,37.49148376,127.1250837,3,2021-01-12
송파구,서울특별시 송파구 마천동 감이남로 5 ,방범,37.4916153,127.1583557,1,2021-01-12
송파구,서울특별시 송파구 거여동 양산로8길 29 현대그린빌라,방범,37.49176917,127.1473591,4,2021-01-12
송파구,문정동 150-2 가락시장역 7번 출구 앞,방범,37.49176952,127.1188972,3,2021-01-12
송파구,서울특별시 송파구 거여동 오금로64가길 14 ,방범,37.49183655,127.1482162,1,2021-01-12
송파구,서울특별시 송파구 마천동 마천로 367 ,방범,37.49186929,127.1554739,3,2021-01-12
송파구,서울특별시 송파구 마천동 성내천로 313 ,방범,37.49200821,127.1564407,2,2021-01-12
송파구,서울특별시 송파구 거여동 오금로 544 ,방범,37.49206924,127.1503448,1,2021-01-12
송파구,서울특별시 송파구 거여동 오금로 508 스타빌딩,방범,37.49210096,127.1458136,4,2021-01-12
송파구,서울특별시 송파구 거여동 오금로 534 ,방범,37.49213642,127.1485687,4,2021-01-12
송파구,서울특별시 송파구 거여동 오금로 544 ,방범,37.49223833,127.1492464,2,2021-01-12
송파구,서울특별시 송파구 거여동 오금로 500 동양빌딩,방범,37.49224091,127.1442413,5,2021-01-12
송파구,서울특별시 송파구 거여동 오금로 500 동양빌딩,방범,37.4922738,127.1449013,4,2021-01-12
송파구,서울특별시 송파구 가락동 동남로 145 녹원빌딩,방범,37.49239095,127.1262082,4,2021-01-12
송파구,서울특별시 송파구 마천동 감이남로 19 ,방범,37.49244328,127.1582307,4,2021-01-12
송파구,서울특별시 송파구 가락동 동남로14길 15 ,방범,37.49254227,127.131073,1,2021-01-12
송파구,서울특별시 송파구 거여동 오금로 508 스타빌딩,방범,37.49254638,127.1459569,3,2021-01-12
송파구,서울특별시 송파구 거여동 오금로 500 동양빌딩,방범,37.492589,127.144139,3,2021-01-12
송파구,서울특별시 송파구 가락동 송이로24길 11 더 블리스,방범,37.49263,127.1230164,1,2021-01-12
송파구,서울특별시 송파구 마천동 성내천로 314 마천동 금호어울림2차 아파트,방범,37.49277042,127.1551747,2,2021-01-12
송파구,서울특별시 송파구 가락동 문정로 141 가락동양씨빌딩,방범,37.49279785,127.1353989,1,2021-01-12
송파구,서울특별시 송파구 마천동 마천로 349 ,방범,37.49280157,127.1534748,2,2021-01-12
송파구,서울특별시 송파구 마천동 성내천로43라길 31 ,방범,37.4928627,127.1570587,4,2021-01-12
송파구,서울특별시 송파구 거여동 양산로7길 11 ,방범,37.49287949,127.1427069,4,2021-01-12
송파구,서울특별시 송파구 마천동 마천로59길 18 ,방범,37.49309158,127.1545105,1,2021-01-12
송파구,서울특별시 송파구 거여동 오금로 476 성민빌,방범,37.49312659,127.1416924,2,2021-01-12
송파구,서울특별시 송파구 가락동 동남로11길 9 ,방범,37.49316536,127.1276827,3,2021-01-12
송파구,서울특별시 송파구 마천동 성내천로 301 ,방범,37.49320602,127.1551132,1,2021-01-12
송파구,서울특별시 송파구 가락동 동남로11길 22 ,방범,37.49320779,127.1268982,4,2021-01-12
송파구,서울특별시 송파구 가락동 송이로 157 가윤웨딩뷔페,방범,37.49330236,127.1255515,3,2021-01-12
송파구,서울특별시 송파구 마천동 성내천로 301 ,방범,37.49336374,127.1559927,3,2021-01-12
송파구,서울특별시 송파구 마천동 마천로59길 18 삼성주택,방범,37.49338996,127.1533153,4,2021-01-12
송파구,서울특별시 송파구 거여동 오금로 480 삼덕빌딩,방범,37.49339294,127.142189,4,2021-01-12
송파구,서울특별시 송파구 거여동 오금로 515 ,방범,37.49345398,127.1462479,3,2021-01-12
송파구,서울특별시 송파구 거여동 오금로 525 ,방범,37.49347871,127.1473978,3,2021-01-12
송파구,서울특별시 송파구 가락동 동남로18길 37 ,방범,37.49349,127.134441,4,2021-01-12
송파구,서울특별시 송파구 가락동 문정로 163 ,방범,37.49353087,127.137136,2,2021-01-12
송파구,서울특별시 송파구 마천동 성내천로43라길 21 ,방범,37.49358946,127.1577218,6,2021-01-12
송파구,서울특별시 송파구 마천동 성내천로 301 ,방범,37.49366168,127.1554401,1,2021-01-12
송파구,서울특별시 송파구 가락동 중대로 124 ,방범,37.49369288,127.1221674,3,2021-01-12
송파구,서울특별시 송파구 마천동 성내천로43라길 21 ,방범,37.49375916,127.1570358,1,2021-01-12
송파구,서울특별시 송파구 가락동 중대로 97 ,방범,37.49379754,127.1190436,4,2021-01-12
송파구,서울특별시 송파구 거여동 거마로 8 ,방범,37.49389188,127.1454103,3,2021-01-12
송파구,서울특별시 송파구 가락동 문정로 151 ,방범,37.4939024,127.1367492,4,2021-01-12
송파구,서울특별시 송파구 가락동 동남로13길 27 ,방범,37.49407377,127.1261244,2,2021-01-12
송파구,서울특별시 송파구 거여동 거마로 9 ,방범,37.49411006,127.1440922,5,2021-01-12
송파구,서울특별시 송파구 거여동 오금로 465 문창빌딩,방범,37.49411774,127.14151,2,2021-01-12
송파구,서울특별시 송파구 마천동 성내천로 286 ,방범,37.49419979,127.1549912,2,2021-01-12
송파구,서울특별시 송파구 마천동 마천로57길 16 마천 금호아파트,방범,37.49426842,127.1538889,2,2021-01-12
송파구,서울특별시 송파구 마천동 마천로57길 16 마천 금호아파트,방범,37.494286,127.153263,3,2021-01-12
송파구,서울특별시 송파구 거여동 오금로61길 20 현대아파트,방범,37.49450456,127.1472433,4,2021-01-12
송파구,서울특별시 송파구 마천동 성내천로 299 마천동2공영주차장,방범,37.49459457,127.1563187,1,2021-01-12
송파구,서울특별시 송파구 마천동 성내천로43라길 11 ,방범,37.49465957,127.1575046,3,2021-01-12
송파구,서울특별시 송파구 가락동 송파대로 274 대한소방공제회관,방범,37.49485016,127.1174698,1,2021-01-12
송파구,서울특별시 송파구 가락동 동남로16길 5 잠실교회 제2성전,방범,37.49487272,127.1313363,3,2021-01-12
송파구,서울특별시 송파구 가락동 송이로 139 우진빌딩,방범,37.49498367,127.1241989,1,2021-01-12
송파구,서울특별시 송파구 마천동 성내천로 287 ,방범,37.4950676,127.1556854,3,2021-01-12
송파구,서울특별시 송파구 가락동 동남로20길 19 ,방범,37.49508376,127.1345027,1,2021-01-12
송파구,서울특별시 송파구 가락동 송파대로28길 35 송파NSuite,방범,37.49517441,127.1214294,1,2021-01-12
송파구,서울특별시 송파구 가락동 송이로23길 16 ,방범,37.49522018,127.1259995,4,2021-01-12
송파구,서울특별시 송파구 마천동 성내천로 287 ,방범,37.4952507,127.1554184,3,2021-01-12
송파구,서울특별시 송파구 가락동 송이로23길 16 ,방범,37.49532986,127.125422,2,2021-01-12
송파구,서울특별시 송파구 가락동 동남로20길 19 ,방범,37.4954071,127.1346283,1,2021-01-12
송파구,서울특별시 송파구 가락동 송이로20길 12 ,방범,37.49549866,127.119339,4,2021-01-12
송파구,서울특별시 송파구 가락동 중대로 148 삼성빌딩,방범,37.49565887,127.1247101,2,2021-01-12
송파구,서울특별시 송파구 가락동 송이로20길 11 ,방범,37.49578857,127.1206512,1,2021-01-12
송파구,서울특별시 송파구 마천동 마천로 305 ,방범,37.4958285,127.1508668,4,2021-01-12
송파구,서울특별시 송파구 가락동 동남로20길 19 ,방범,37.49587301,127.1345552,3,2021-01-12
송파구,서울특별시 송파구 거여동 거마로9길 7 ,방범,37.4960755,127.1448608,4,2021-01-12
송파구,서울특별시 송파구 가락동 중대로 160 효성자동차종합서비스,방범,37.49610486,127.1259264,2,2021-01-12
송파구,서울특별시 송파구 가락동 중대로9길 32 상원빌딩,방범,37.49611664,127.1185684,4,2021-01-12
송파구,서울특별시 송파구 마천동 마천로 295 메디파크빌딩,방범,37.49619293,127.149559,2,2021-01-12
송파구,서울특별시 송파구 마천동 성내천로39길 15 ,방범,37.4962616,127.1556549,2,2021-01-12
송파구,서울특별시 송파구 가락동 오금로 420 유니팜코리아,방범,37.49627529,127.1364661,2,2021-01-12
송파구,서울특별시 송파구 마천동 마천로 287 마천2동주민센터,방범,37.49632284,127.148958,3,2021-01-12
송파구,서울특별시 송파구 가락동 동남로20길 17 ,방범,37.49656824,127.134781,3,2021-01-12
송파구,서울특별시 송파구 가락동 동남로9길 45 가나빌딩,방범,37.49658248,127.1268175,2,2021-01-12
송파구,서울특별시 송파구 마천동 마천로51길 22 ,방범,37.49669266,127.1522217,1,2021-01-12
송파구,서울특별시 송파구 거여동 거마로3길 42 현대골든빌라,방범,37.49675781,127.1407423,3,2021-01-12
송파구,서울특별시 송파구 마천동 성내천로 264 ,방범,37.49677277,127.1539536,1,2021-01-12
송파구,서울특별시 송파구 마천동 성내천로 264 ,방범,37.49691772,127.1530228,1,2021-01-12
송파구,서울특별시 송파구 가락동 동남로17길 5 ,방범,37.49709824,127.1314425,3,2021-01-12
송파구,서울특별시 송파구 마천동 거마로20길 27 ,방범,37.49710083,127.1498032,1,2021-01-12
송파구,서울특별시 송파구 마천동 성내천로39길 7 ,방범,37.49711164,127.1554795,4,2021-01-12
송파구,서울특별시 송파구 가락동 송이로23길 52 태성빌,방범,37.4971604,127.1283147,3,2021-01-12
송파구,서울특별시 송파구 거여동 거마로 45 ,방범,37.49735195,127.1452875,3,2021-01-12
송파구,서울특별시 송파구 가락동 동남로9길 58 ,방범,37.49735511,127.1268034,5,2021-01-12
송파구,서울특별시 송파구 거여동 거마로7길 40 ,방범,37.49740982,127.1410751,2,2021-01-12
송파구,서울특별시 송파구 가락동 송이로 90 승원빌딩,방범,37.49743513,127.1205207,3,2021-01-12
송파구,서울특별시 송파구 마천동 거마로22길 37 ,방범,37.49747832,127.1513851,5,2021-01-12
송파구,서울특별시 송파구 가락동 중대로 170 국제빌딩,방범,37.49749737,127.1259893,2,2021-01-12
송파구,서울특별시 송파구 마천동 거마로22길 30 ,방범,37.49755437,127.150339,4,2021-01-12
송파구,서울특별시 송파구 마천동 마천로51가길 9 ,방범,37.49756514,127.152965,4,2021-01-12
송파구,서울특별시 송파구 석촌동 가락로 6 ,방범,37.49762965,127.0975093,4,2021-01-12
송파구,서울특별시 송파구 가락동 오금로 400 ,방범,37.49773026,127.1343613,3,2021-01-12
송파구,서울특별시 송파구 거여동 거마로 49 ,방범,37.49778748,127.1462708,2,2021-01-12
송파구,서울특별시 송파구 마천동 거마로20길 11 ,방범,37.49785993,127.1485115,3,2021-01-12
송파구,서울특별시 송파구 석촌동 가락로2길 4 예진하우스,방범,37.49786758,127.0988159,3,2021-01-12
송파구,서울특별시 송파구 마천동 거마로22길 37 ,방범,37.4978714,127.1518707,1,2021-01-12
송파구,서울특별시 송파구 거여동 거마로13길 14 ,방범,37.49787722,127.1440637,4,2021-01-12
송파구,서울특별시 송파구 마천동 거마로20길 11 ,방범,37.4978981,127.1480103,1,2021-01-12
송파구,서울특별시 송파구 마천동 성내천로39길 7 ,방범,37.49798584,127.1556015,4,2021-01-12
송파구,서울특별시 송파구 마천동 거마로22길 15 ,방범,37.49803162,127.1496658,1,2021-01-12
송파구,서울특별시 송파구 거여동 마천로 264 흥일빌딩,방범,37.49812888,127.1469765,1,2021-01-12
송파구,서울특별시 송파구 가락동 중대로 186 ,방범,37.49817925,127.126198,3,2021-01-12
송파구,서울특별시 송파구 가락동 양재대로60길 3 문산부인과,방범,37.498242,127.116994,3,2021-01-12
송파구,서울특별시 송파구 석촌동 가락로 31 동승빌딩,방범,37.49829865,127.1006317,1,2021-01-12
송파구,서울특별시 송파구 마천동 거마로22길 9 ,방범,37.49833679,127.1489487,1,2021-01-12
송파구,서울특별시 송파구 삼전동 백제고분로32길 40 라움빌,방범,37.49835,127.0945326,1,2021-01-12
송파구,서울특별시 송파구 거여동 성내천로 134 ,방범,37.49840607,127.1438703,2,2021-01-12
송파구,서울특별시 송파구 거여동 마천로 250 ,방범,37.49843849,127.1445948,4,2021-01-12
송파구,서울특별시 송파구 마천동 성내천로32가길 12 ,방범,37.4985199,127.1535797,1,2021-01-12
송파구,서울특별시 송파구 마천동 마천로45길 28 ,방범,37.49852371,127.1512604,1,2021-01-12
송파구,서울특별시 송파구 마천동 마천로51가길 16 ,방범,37.49854053,127.1526179,4,2021-01-12
송파구,서울특별시 송파구 거여동 성내천로 126 더숲에이동,방범,37.49856245,127.1420181,2,2021-01-12
송파구,서울특별시 송파구 마천동 마천로43길 26 ,방범,37.49858856,127.1503601,2,2021-01-12
송파구,서울특별시 송파구 거여동 성내천로 142 ,방범,37.49902851,127.1443219,3,2021-01-12
송파구,서울특별시 송파구 마천동 성내천로 239 영광빌딩,방범,37.49903389,127.1548146,3,2021-01-12
송파구,서울특별시 송파구 마천동 거마로 71 원천빌딩,방범,37.49904981,127.1464095,2,2021-01-12
송파구,서울특별시 송파구 삼전동 백제고분로28길 19 세풍빌라,방범,37.49908649,127.0924599,2,2021-01-12
송파구,서울특별시 송파구 마천동 거마로24길 17 ,방범,37.4991188,127.1491165,4,2021-01-12
송파구,서울특별시 송파구 석촌동 가락로 50 ,방범,37.49917984,127.1025543,1,2021-01-12
송파구,서울특별시 송파구 가락동 양재대로 1002 ,방범,37.49921036,127.1178055,1,2021-01-12
송파구,서울특별시 송파구 석촌동 가락로 61 ,방범,37.49926376,127.1037674,1,2021-01-12
송파구,서울특별시 송파구 삼전동 백제고분로28길 19 세풍빌라,방범,37.49931335,127.0929794,1,2021-01-12
송파구,서울특별시 송파구 석촌동 백제고분로34길 28 ,방범,37.49933624,127.0988312,1,2021-01-12
송파구,서울특별시 송파구 석촌동 삼학사로 22 세명주유소,방범,37.49938965,127.0966263,4,2021-01-12
송파구,서울특별시 송파구 마천동 성내천로 222 ,방범,37.4993958,127.152748,2,2021-01-12
송파구,서울특별시 송파구 오금동 동남로24길 7 덕수빌딩,방범,37.49949858,127.1374892,3,2021-01-12
송파구,서울특별시 송파구 마천동 성내천로 222 ,방범,37.49952316,127.1522675,1,2021-01-12
송파구,서울특별시 송파구 석촌동 가락로 39 ,방범,37.49953609,127.1008879,2,2021-01-12
송파구,서울특별시 송파구 석촌동 삼학사로 28 ,방범,37.49962463,127.0974627,3,2021-01-12
송파구,서울특별시 송파구 가락동 송이로17길 17 ,방범,37.49962958,127.1222729,4,2021-01-12
송파구,서울특별시 송파구 오금동 동남로24길 17 ,방범,37.49981308,127.1386719,1,2021-01-12
송파구,서울특별시 송파구 마천동 성내천로 229 ,방범,37.49982,127.153345,3,2021-01-12
송파구,서울특별시 송파구 가락동 송파대로 345 헬리오시티,방범,37.49984627,127.1126532,3,2021-01-12
송파구,서울특별시 송파구 마천동 거마로22길 7 ,방범,37.49986479,127.1480148,4,2021-01-12
송파구,서울특별시 송파구 삼전동 백제고분로28길 35 ,방범,37.49990451,127.0910453,4,2021-01-12
송파구,서울특별시 송파구 마천동 성내천로 239 영광빌딩,방범,37.49992752,127.1540222,1,2021-01-12
송파구,서울특별시 송파구 삼전동 백제고분로28길 19 세풍빌라,방범,37.49998093,127.0920029,1,2021-01-12
송파구,서울특별시 송파구 석촌동 삼학사로 32 YH빌딩,방범,37.50005307,127.0962326,5,2021-01-12
송파구,서울특별시 송파구 마천동 성내천로 200 ,방범,37.50005348,127.1508636,4,2021-01-12
송파구,서울특별시 송파구 석촌동 가락로 79 ,방범,37.50007629,127.105278,1,2021-01-12
송파구,서울특별시 송파구 삼전동 백제고분로28길 19 ,방범,37.50013733,127.0928421,1,2021-01-12
송파구,서울특별시 송파구 마천동 성내천로29가길 5 ,방범,37.50022888,127.1530685,1,2021-01-12
송파구,서울특별시 송파구 마천동 성내천로 192 ,방범,37.50025177,127.1498947,1,2021-01-12
송파구,서울특별시 송파구 송파동 송이로 50 송파SK아파트,방범,37.500262,127.118046,2,2021-01-12
송파구,서울특별시 송파구 석촌동 삼학사로 32 YH빌딩,방범,37.500282,127.096859,3,2021-01-12
송파구,서울특별시 송파구 삼전동 백제고분로22길 19 ,방범,37.50028307,127.0893832,4,2021-01-12
송파구,서울특별시 송파구 석촌동 가락로 94 ,방범,37.50031975,127.1073936,3,2021-01-12
송파구,서울특별시 송파구 석촌동 가락로5길 4 ,방범,37.50033188,127.1020737,1,2021-01-12
송파구,서울특별시 송파구 송파동 송이로12길 14 ,방범,37.50033569,127.1160965,1,2021-01-12
송파구,서울특별시 송파구 석촌동 가락로5길 3 거북하이빌,방범,37.50033716,127.1002185,3,2021-01-12
송파구,서울특별시 송파구 송파동 송파대로36길 5 세종빌딩,방범,37.50044614,127.1128647,2,2021-01-12
송파구,서울특별시 송파구 마천동 성내천로29나길 17 ,방범,37.50050354,127.1540909,1,2021-01-12
송파구,서울특별시 송파구 석촌동 백제고분로34길 15 ,방범,37.50051579,127.0987834,5,2021-01-12
송파구,서울특별시 송파구 마천동 마천로33길 3 성진빌라,방범,37.50052704,127.1442651,4,2021-01-12
송파구,서울특별시 송파구 가락동 오금로38길 5 ,방범,37.50066376,127.1286316,1,2021-01-12
송파구,서울특별시 송파구 송파동 송파대로36길 5 세종빌딩,방범,37.50069809,127.1122742,1,2021-01-12
송파구,서울특별시 송파구 삼전동 백제고분로28길 19 ,방범,37.50071423,127.0934643,4,2021-01-12
송파구,서울특별시 송파구 오금동 동남로 282 재상빌딩,방범,37.50082764,127.1378093,1,2021-01-12
송파구,서울특별시 송파구 삼전동 백제고분로28길 20 ,방범,37.50084686,127.0901031,1,2021-01-12
송파구,서울특별시 송파구 삼전동 백제고분로32길 18 동승아파트,방범,37.50087234,127.0948554,4,2021-01-12
송파구,서울특별시 송파구 석촌동 가락로5길 3 거북하이빌,방범,37.50095367,127.1006012,4,2021-01-12
송파구,서울특별시 송파구 마천동 거마로 90 에이빌딩,방범,37.50095376,127.1485868,3,2021-01-12
송파구,서울특별시 송파구 석촌동 송파대로37길 20 ,방범,37.50095522,127.1095789,2,2021-01-12
송파구,서울특별시 송파구 삼전동 백제고분로22길 31 삼전동다세대주택,방범,37.50098801,127.0882034,5,2021-01-12
송파구,서울특별시 송파구 마천동 성내천로 187 ,방범,37.50101852,127.1494904,2,2021-01-12
송파구,서울특별시 송파구 오금동 마천로 200 근정빌딩,방범,37.50104523,127.1407547,1,2021-01-12
송파구,서울특별시 송파구 석촌동 가락로 108 ,방범,37.50107193,127.1086349,1,2021-01-12
송파구,서울특별시 송파구 삼전동 백제고분로22길 28 ,방범,37.501074,127.086644,2,2021-01-12
송파구,서울특별시 송파구 가락동 오금로 332 다윤빌딩,방범,37.50116348,127.1280136,4,2021-01-12
송파구,서울특별시 송파구 석촌동 가락로11길 8 영신빌딩,방범,37.50117111,127.1047211,3,2021-01-12
송파구,서울특별시 송파구 오금동 동남로23가길 20 반석블레스빌,방범,37.50117493,127.1323929,1,2021-01-12
송파구,서울특별시 송파구 마천동 성내천로 171 ,방범,37.501194,127.147049,3,2021-01-12
송파구,서울특별시 송파구 마천동 성내천로29다길 9 ,방범,37.50119838,127.1540361,5,2021-01-12
송파구,서울특별시 송파구 석촌동 가락로13길 2 ,방범,37.5013466,127.1067128,3,2021-01-12
송파구,서울특별시 송파구 송파동 송파대로 372 ,방범,37.50139752,127.1123769,3,2021-01-12
송파구,서울특별시 송파구 석촌동 가락로5길 19 ,방범,37.50149188,127.1014693,4,2021-01-12
송파구,서울특별시 송파구 오금동 성내천로10길 10 ,방범,37.50149637,127.1355125,3,2021-01-12
송파구,서울특별시 송파구 석촌동 가락로11길 6 ,방범,37.501505,127.1059,4,2021-01-12
송파구,서울특별시 송파구 석촌동 송파대로 385 성룡빌딩,방범,37.50150681,127.1099396,1,2021-01-12
송파구,서울특별시 송파구 잠실동 백제고분로18길 37 조이빌 에이동,방범,37.50154877,127.083519,1,2021-01-12
송파구,서울특별시 송파구 마천동 거마로 96 샬롬빌딩,방범,37.50159833,127.1485902,1,2021-01-12
송파구,서울특별시 송파구 석촌동 삼학사로 42 아정빌딩,방범,37.50162506,127.0974655,3,2021-01-12
송파구,서울특별시 송파구 석촌동 백제고분로34길 4 ,방범,37.50164032,127.0987473,5,2021-01-12
송파구,서울특별시 송파구 오금동 마천로 200 근정빌딩,방범,37.50167983,127.1404766,1,2021-01-12
송파구,마천동 51-3(남천초후문),방범,37.50170135,127.1500092,1,2021-01-12
송파구,서울특별시 송파구 마천동 마천로31길 14 ,방범,37.50174438,127.1431839,3,2021-01-12
송파구,서울특별시 송파구 송파동 송파대로 366 ,방범,37.50174713,127.1117935,1,2021-01-12
송파구,서울특별시 송파구 삼전동 백제고분로32길 6 삼성하이츠빌,방범,37.50179334,127.0938638,3,2021-01-12
송파구,석촌동 261 정원빌라,방범,37.50184666,127.1029779,3,2021-01-12
송파구,서울특별시 송파구 삼전동 백제고분로22길 19 ,방범,37.5018959,127.090538,1,2021-01-12
송파구,서울특별시 송파구 삼전동 백제고분로32길 3 ,방범,37.50193405,127.0951996,1,2021-01-12
송파구,서울특별시 송파구 오금동 동남로 281 오주중학교,방범,37.50197841,127.1362177,4,2021-01-12
송파구,마천동 5-1,방범,37.50202436,127.1478989,2,2021-01-12
송파구,서울특별시 송파구 가락동 송이로17길 57 ,방범,37.50203245,127.1254557,3,2021-01-12
송파구,서울특별시 송파구 송파동 송이로10길 8 ,방범,37.5021055,127.1159968,3,2021-01-12
송파구,서울특별시 송파구 잠실동 삼전로 35 운진빌딩,방범,37.50212479,127.0868912,3,2021-01-12
송파구,잠실동 320,방범,37.50214386,127.0820313,3,2021-01-12
송파구,서울특별시 송파구 잠실동 백제고분로18길 21 ?라빌라,방범,37.50221404,127.0853769,1,2021-01-12
송파구,서울특별시 송파구 오금동 동남로23가길 8 ,방범,37.50221464,127.1326683,1,2021-01-12
송파구,서울특별시 송파구 석촌동 백제고분로 293 제우빌딩,방범,37.50222423,127.0998416,3,2021-01-12
송파구,서울특별시 송파구 마천동 성내천로23가길 6 ,방범,37.50222778,127.144165,1,2021-01-12
송파구,서울특별시 송파구 석촌동 백제고분로40길 21 ,방범,37.50228119,127.108345,3,2021-01-12
송파구,서울특별시 송파구 마천동 성내천로23가길 6 ,방범,37.50233529,127.1445951,3,2021-01-12
송파구,서울특별시 송파구 송파동 가락로 146 ,방범,37.50234222,127.1124802,2,2021-01-12
송파구,서울특별시 송파구 송파동 송이로4길 13 광명,방범,37.50234581,127.1141895,4,2021-01-12
송파구,서울특별시 송파구 석촌동 가락로15길 14 ,방범,37.50235367,127.1060104,3,2021-01-12
송파구,서울특별시 송파구 오금동 동남로23길 27 ,방범,37.5023603,127.1331477,2,2021-01-12
송파구,서울특별시 송파구 마천동 거마로27길 30 진성빌라,방범,37.50239358,127.1454535,2,2021-01-12
송파구,서울특별시 송파구 석촌동 가락로5길 3 ,방범,37.50252551,127.1009497,4,2021-01-12
송파구,서울특별시 송파구 오금동 마천로 195 두일그린빌,방범,37.50256348,127.1413956,3,2021-01-12
송파구,서울특별시 송파구 삼전동 백제고분로22길 7 ,방범,37.50264538,127.0908695,3,2021-01-12
송파구,서울특별시 송파구 잠실동 백제고분로18길 21 ?라빌라,방범,37.50265884,127.085434,1,2021-01-12
송파구,서울특별시 송파구 삼전동 백제고분로22길 16 ,방범,37.50266242,127.0889531,4,2021-01-12
송파구,서울특별시 송파구 송파동 송파대로 386 ,방범,37.50279236,127.1101379,4,2021-01-12
송파구,서울특별시 송파구 석촌동 백제고분로40길 21 ,방범,37.50283504,127.1086932,1,2021-01-12
송파구,서울특별시 송파구 석촌동 백제고분로 275 ,방범,37.50284576,127.0976715,3,2021-01-12
송파구,서울특별시 송파구 삼전동 삼전로 44 덕원빌딩,방범,37.50284704,127.087511,3,2021-01-12
송파구,서울특별시 송파구 가락동 송이로15길 48 그린힐,방범,37.5028637,127.1231612,3,2021-01-12
송파구,서울특별시 송파구 송파동 가락로 136 우일빌딩,방범,37.502905,127.111617,3,2021-01-12
송파구,서울특별시 송파구 송파동 송이로10길 8 ,방범,37.50293607,127.115591,3,2021-01-12
송파구,서울특별시 송파구 송파동 송이로2길 20 ,방범,37.5029683,127.1135188,3,2021-01-12
송파구,서울특별시 송파구 오금동 동남로23길 27 ,방범,37.50298736,127.1330245,2,2021-01-12
송파구,서울특별시 송파구 삼전동 백제고분로 257 ,방범,37.50298747,127.095493,2,2021-01-12
송파구,서울특별시 송파구 송파동 가락로 168 부성빌딩,방범,37.503093,127.114326,3,2021-01-12
송파구,서울특별시 송파구 오금동 성내천로6길 1 ,방범,37.50313382,127.1352475,3,2021-01-12
송파구,서울특별시 송파구 삼전동 백제고분로 209 선원빌딩,방범,37.50314331,127.0905228,1,2021-01-12
송파구,잠실동 366 작은도서관 좌측입구,방범,37.50325807,127.0759842,2,2021-01-12
송파구,잠실동 366(잠실본동 작은도서관 휴식공간),방범,37.50327227,127.0754865,2,2021-01-12
송파구,서울특별시 송파구 삼전동 삼학사로 65 이맹빌딩,방범,37.50328445,127.0965424,2,2021-01-12
송파구,서울특별시 송파구 잠실동 백제고분로18길 14 케이 하우스,방범,37.50334167,127.0843353,5,2021-01-12
송파구,서울특별시 송파구 가락동 오금로 294 영성빌딩,방범,37.50335693,127.1253433,3,2021-01-12
송파구,서울특별시 송파구 석촌동 가락로15길 27 ,방범,37.50335725,127.1051722,1,2021-01-12
송파구,서울특별시 송파구 석촌동 백제고분로33길 3 ,방범,37.50336074,127.0987963,4,2021-01-12
송파구,서울특별시 송파구 마천동 성내천로23가길 20 ,방범,37.50353793,127.1448029,3,2021-01-12
송파구,서울특별시 송파구 송파동 가락로19길 9 ,방범,37.50355592,127.1101031,1,2021-01-12
송파구,잠실동 149,방범,37.50355911,127.0737839,1,2021-01-12
송파구,서울특별시 송파구 잠실동 백제고분로12길 25 서울중앙교회 교육관,방범,37.50356293,127.0801773,1,2021-01-12
송파구,오금동 110(공원 정상),방범,37.50359726,127.1421127,1,2021-01-12
송파구,서울특별시 송파구 삼전동 백제고분로29길 2 금성하이빌,방범,37.50362238,127.0941073,4,2021-01-12
송파구,서울특별시 송파구 삼전동 백제고분로31길 2 해피하우스,방범,37.50367776,127.0954585,4,2021-01-12
송파구,서울특별시 송파구 오금동 동남로 309 버드나무식당,방범,37.50371552,127.1372528,1,2021-01-12
송파구,서울특별시 송파구 삼전동 백제고분로 198 ,방범,37.50374012,127.0883051,2,2021-01-12
송파구,서울특별시 송파구 오금동 마천로25길 2 ,방범,37.50374629,127.1407032,3,2021-01-12
송파구,잠실동 101-1,방범,37.50377655,127.0740738,3,2021-01-12
송파구,서울특별시 송파구 오금동 동남로23길 40 ,방범,37.50382614,127.1330032,1,2021-01-12
송파구,서울특별시 송파구 송파동 가락로19길 8 형주빌리지,방범,37.50388002,127.111125,1,2021-01-12
송파구,서울특별시 송파구 석촌동 백제고분로36가길 7 인예원,방범,37.50391412,127.1000508,4,2021-01-12
송파구,서울특별시 송파구 삼전동 백제고분로 219 하나유치원,방범,37.50393105,127.0914969,3,2021-01-12
송파구,서울특별시 송파구 잠실동 백제고분로18길 16 ,방범,37.50395109,127.0821496,1,2021-01-12
송파구,서울특별시 송파구 송파동 가락로 169 ,방범,37.50404739,127.1134338,1,2021-01-12
송파구,서울특별시 송파구 잠실동 도곡로 434 ,방범,37.50404948,127.0768551,1,2021-01-12
송파구,서울특별시 송파구 석촌동 백제고분로 358 ,방범,37.5040545,127.1060085,4,2021-01-12
송파구,서울특별시 송파구 잠실동 도곡로62길 5 ,방범,37.50410738,127.0788522,1,2021-01-12
송파구,서울특별시 송파구 오금동 마천로 131 ,방범,37.50415802,127.134903,1,2021-01-12
송파구,서울특별시 송파구 송파동 송파대로 422 영빌딩,방범,37.50421143,127.1074142,1,2021-01-12
송파구,서울특별시 송파구 송파동 송파대로 412 승광빌딩,방범,37.50427246,127.108696,1,2021-01-12
송파구,서울특별시 송파구 송파동 가락로21길 4 루체테(Lucete),방범,37.50430052,127.1101425,1,2021-01-12
송파구,서울특별시 송파구 석촌동 백제고분로36가길 7 ,방범,37.50430932,127.1004832,3,2021-01-12
송파구,서울특별시 송파구 삼전동 삼학사로 77 ,방범,37.50432968,127.0965424,5,2021-01-12
송파구,서울특별시 송파구 송파동 가락로23길 8 ,방범,37.50440598,127.1125259,5,2021-01-12
송파구,서울특별시 송파구 송파동 가락로23길 13 ,방범,37.50440985,127.1118143,1,2021-01-12
송파구,서울특별시 송파구 잠실동 도곡로64길 19 ,방범,37.5044136,127.0805817,3,2021-01-12
송파구,서울특별시 송파구 송파동 가락로21길 25 송파동교회,방범,37.504438,127.109722,2,2021-01-12
송파구,서울특별시 송파구 석촌동 백제고분로37가길 3 ,방범,37.50447845,127.1038589,1,2021-01-12
송파구,서울특별시 송파구 삼전동 백제고분로27길 12 ,방범,37.50453783,127.0931278,4,2021-01-12
송파구,서울특별시 송파구 석촌동 백제고분로33길 13 ,방범,37.50455836,127.0987822,4,2021-01-12
송파구,서울특별시 송파구 오금동 동남로 321 ,방범,37.50458012,127.1380674,3,2021-01-12
송파구,서울특별시 송파구 삼전동 백제고분로 203 문화빌딩,방범,37.50460052,127.0890198,2,2021-01-12
송파구,서울특별시 송파구 송파동 가락로 173 에덴파크빌,방범,37.50463867,127.1145401,1,2021-01-12
송파구,서울특별시 송파구 잠실동 백제고분로 166 ,방범,37.50466938,127.08502,4,2021-01-12
송파구,서울특별시 송파구 석촌동 삼학사로 76 ,방범,37.50474167,127.0976868,1,2021-01-12
송파구,서울특별시 송파구 잠실동 도곡로 438 GS칼텍스 아시아주유소,방범,37.50476903,127.0778018,3,2021-01-12
송파구,서울특별시 송파구 삼전동 백제고분로31길 15 아트하우스,방범,37.504823,127.095664,4,2021-01-12
송파구,서울특별시 송파구 잠실동 백제고분로14길 7 ,방범,37.50493622,127.0830917,4,2021-01-12
송파구,서울특별시 송파구 오금동 중대로 265 ,방범,37.50497818,127.1301727,4,2021-01-12
송파구,서울특별시 송파구 잠실동 백제고분로19길 4 ,방범,37.50500814,127.08784,2,2021-01-12
송파구,서울특별시 송파구 삼전동 백제고분로21길 15 ,방범,37.50501251,127.0900879,4,2021-01-12
송파구,서울특별시 송파구 석촌동 백제고분로33길 28 ,방범,37.50502585,127.0998186,2,2021-01-12
송파구,서울특별시 송파구 삼전동 백제고분로21길 16 가원빌,방범,37.50502777,127.091507,1,2021-01-12
송파구,서울특별시 송파구 송파동 가락로28길 13 ,방범,37.50503035,127.1172744,2,2021-01-12
송파구,서울특별시 송파구 잠실동 도곡로 444 ,방범,37.50512442,127.0776236,2,2021-01-12
송파구,서울특별시 송파구 석촌동 백제고분로37가길 19 동남빌리지,방범,37.50514221,127.1024551,1,2021-01-12
송파구,서울특별시 송파구 삼전동 백제고분로27길 23 새암빌라트,방범,37.50531397,127.0933785,2,2021-01-12
송파구,서울특별시 송파구 석촌동 백제고분로39길 9 황해빌딩,방범,37.50536745,127.1049455,4,2021-01-12
송파구,서울특별시 송파구 잠실동 백제고분로 132 정방빌딩,방범,37.50539742,127.081091,4,2021-01-12
송파구,서울특별시 송파구 삼전동 삼전로 74 천복빌딩,방범,37.50547791,127.0891647,4,2021-01-12
송파구,서울특별시 송파구 석촌동 석촌호수로18길 11 ,방범,37.505538,127.101386,4,2021-01-12
송파구,서울특별시 송파구 잠실동 백제고분로 147 구두수선대,방범,37.5055542,127.0833206,2,2021-01-12
송파구,서울특별시 송파구 송파동 가락로21길 35 다림빌리지,방범,37.50555801,127.110527,1,2021-01-12
송파구,서울특별시 송파구 석촌동 백제고분로37가길 19 동남빌리지,방범,37.50557923,127.1026327,3,2021-01-12
송파구,서울특별시 송파구 송파동 가락로23길 14 ,방범,37.50564317,127.1122974,2,2021-01-12
송파구,서울특별시 송파구 삼전동 백제고분로27길 24 ,방범,37.5057106,127.0947647,2,2021-01-12
송파구,서울특별시 송파구 오금동 중대로 269 송원빌딩,방범,37.50577531,127.1302917,3,2021-01-12
송파구,서울특별시 송파구 송파동 가락로21길 38 ,방범,37.50579107,127.11184,3,2021-01-12
송파구,서울특별시 송파구 송파동 백제고분로42길 5 송파여성문화회관,방범,37.50579834,127.1096649,1,2021-01-12
송파구,서울특별시 송파구 송파동 가락로21길 38 ,방범,37.50582123,127.1113205,1,2021-01-12
송파구,서울특별시 송파구 오금동 마천로 111 여산빌딩,방범,37.50590515,127.1329041,3,2021-01-12
송파구,서울특별시 송파구 송파동 백제고분로 375 소방빌딩,방범,37.50593621,127.1072858,3,2021-01-12
송파구,서울특별시 송파구 석촌동 백제고분로 359 두암빌딩,방범,37.50598874,127.1058795,2,2021-01-12
송파구,서울특별시 송파구 삼전동 백제고분로21길 24 ,방범,37.506063,127.091871,4,2021-01-12
송파구,서울특별시 송파구 잠실동 석촌호수로 191 석촌호수 아뜰리에,방범,37.50608063,127.0987549,5,2021-01-12
송파구,서울특별시 송파구 잠실동 백제고분로15길 5 잠실치안센터,방범,37.50616074,127.0847626,1,2021-01-12
송파구,서울특별시 송파구 송파동 백제고분로44길 13 송파공원주택,방범,37.5061743,127.1133667,3,2021-01-12
송파구,서울특별시 송파구 삼전동 석촌호수로 148 ,방범,37.5062294,127.0938568,5,2021-01-12
송파구,서울특별시 송파구 잠실동 백제고분로19길 16 제이엘아트빌,방범,37.50623246,127.0887984,5,2021-01-12
송파구,서울특별시 송파구 송파동 송파대로 452 허니빌딩,방범,37.50633621,127.1052856,1,2021-01-12
송파구,서울특별시 송파구 송파동 가락로 206 장수빌딩,방범,37.50633621,127.1163254,1,2021-01-12
송파구,서울특별시 송파구 삼전동 삼전로 90 금화빌딩,방범,37.5063591,127.0909882,2,2021-01-12
송파구,서울특별시 송파구 잠실동 백제고분로15길 12 ,방범,37.50638765,127.0855031,3,2021-01-12
송파구,서울특별시 송파구 방이동 오금로31가길 1 The Herman,방범,37.50646973,127.1222916,1,2021-01-12
송파구,서울특별시 송파구 송파동 가락로21길 51 대성맨션,방범,37.50653734,127.1123147,2,2021-01-12
송파구,서울특별시 송파구 송파동 가락로21길 51 대성맨션,방범,37.50658907,127.1128608,2,2021-01-12
송파구,서울특별시 송파구 잠실동 백제고분로 127 ,방범,37.50680161,127.0814209,1,2021-01-12
송파구,서울특별시 송파구 오금동 중대로34길 5 ,방범,37.50683571,127.1330446,3,2021-01-12
송파구,서울특별시 송파구 삼전동 석촌호수로 142 ,방범,37.50683708,127.092626,4,2021-01-12
송파구,서울특별시 송파구 잠실동 삼전로 81 장학학원빌딩,방범,37.50685501,127.0894318,1,2021-01-12
송파구,서울특별시 송파구 석촌동 백제고분로39길 21 ,방범,37.50686771,127.1036505,4,2021-01-12
송파구,서울특별시 송파구 송파동 백제고분로44길 13 송파공원주택,방범,37.50688473,127.1134123,3,2021-01-12
송파구,서울특별시 송파구 송파동 송파대로 442 잠실주유소,방범,37.50696182,127.106308,1,2021-01-12
송파구,서울특별시 송파구 송파동 백제고분로 381 우성빌딩,방범,37.50696564,127.1081924,1,2021-01-12
송파구,서울특별시 송파구 방이동 오금로 239 ,방범,37.50696638,127.1203329,3,2021-01-12
송파구,서울특별시 송파구 석촌동 석촌호수로18길 7 수정빌딩,방범,37.50696674,127.1017754,4,2021-01-12
송파구,서울특별시 송파구 석촌동 백제고분로37가길 24 금성빌라,방범,37.50697708,127.1028748,1,2021-01-12
송파구,서울특별시 송파구 잠실동 백제고분로11길 8 ,방범,37.50705719,127.0819702,4,2021-01-12
송파구,서울특별시 송파구 송파동 가락로 209 사이언스빌딩,방범,37.50712397,127.1168274,4,2021-01-12
송파구,서울특별시 송파구 잠실동 백제고분로11길 28 골든 빌라트,방범,37.507152,127.082524,3,2021-01-12
송파구,서울특별시 송파구 오금동 중대로40길 5 ,방범,37.50719158,127.134859,2,2021-01-12
송파구,서울특별시 송파구 오금동 마천로 70 ,방범,37.50722122,127.1287689,5,2021-01-12
송파구,서울특별시 송파구 송파동 백제고분로46길 27 ,방범,37.507251,127.114384,4,2021-01-12
송파구,서울특별시 송파구 잠실동 백제고분로11길 5 엘하임,방범,37.50730515,127.0808945,3,2021-01-12
송파구,서울특별시 송파구 석촌동 송파대로 459 복창빌딩,방범,37.50733185,127.1046829,2,2021-01-12
송파구,서울특별시 송파구 잠실동 백제고분로17길 22 ,방범,37.50743682,127.0860343,3,2021-01-12
송파구,서울특별시 송파구 송파동 오금로 198 수정빌딩,방범,37.50756073,127.1158981,1,2021-01-12
송파구,서울특별시 송파구 방이동 양재대로 1109 대림가락아파트,방범,37.507622,127.12356,2,2021-01-12
송파구,서울특별시 송파구 방이동 오금로27길 16 인텍스빌2차아파트,방범,37.50765228,127.1213455,2,2021-01-12
송파구,서울특별시 송파구 송파동 백제고분로44길 3 비봉실업,방범,37.50766414,127.1110314,4,2021-01-12
송파구,서울특별시 송파구 잠실동 백제고분로17길 22 ,방범,37.50768798,127.0865266,3,2021-01-12
송파구,서울특별시 송파구 잠실동 백제고분로19길 23 ,방범,37.507697,127.087775,5,2021-01-12
송파구,서울특별시 송파구 잠실동 백제고분로11길 8 ,방범,37.50774765,127.0818176,1,2021-01-12
송파구,서울특별시 송파구 잠실동 백제고분로15길 23 ,방범,37.50776672,127.0847855,1,2021-01-12
송파구,서울특별시 송파구 오금동 양재대로72길 48 쌍용스위트빌A동,방범,37.50780803,127.1319041,3,2021-01-12
송파구,서울특별시 송파구 방이동 오금로27길 8 ,방범,37.50782394,127.1208267,1,2021-01-12
송파구,서울특별시 송파구 방이동 오금로 229 ,방범,37.50795746,127.1194077,1,2021-01-12
송파구,서울특별시 송파구 송파동 백제고분로41길 35 ,방범,37.508024,127.105186,4,2021-01-12
송파구,서울특별시 송파구 송파동 오금로 180 ,방범,37.50813745,127.1149201,4,2021-01-12
송파구,서울특별시 송파구 송파동 백제고분로41길 20 ,방범,37.50816345,127.1071625,1,2021-01-12
송파구,서울특별시 송파구 잠실동 백제고분로 87 아시아 오피스텔,방범,37.50820541,127.0797501,5,2021-01-12
송파구,서울특별시 송파구 잠실동 백제고분로11길 15 명진빌라,방범,37.50834815,127.0811696,1,2021-01-12
송파구,서울특별시 송파구 송파동 백제고분로41길 6 ,방범,37.50835866,127.1094033,3,2021-01-12
송파구,서울특별시 송파구 오금동 중대로 322 ,방범,37.508526,127.134181,2,2021-01-12
송파구,서울특별시 송파구 송파동 가락로31길 35 ,방범,37.50852966,127.1122513,1,2021-01-12
송파구,서울특별시 송파구 잠실동 백제고분로11길 23 ,방범,37.508538,127.082119,3,2021-01-12
송파구,서울특별시 송파구 송파동 백제고분로41길 6 ,방범,37.50860214,127.1084595,1,2021-01-12
송파구,서울특별시 송파구 잠실동 석촌호수로 90 구두수선대,방범,37.50862503,127.0870743,1,2021-01-12
송파구,서울특별시 송파구 방이동 오금로31길 27 코오롱아파트,방범,37.50881219,127.1221656,2,2021-01-12
송파구,서울특별시 송파구 오금동 양재대로72길 31 ,방범,37.50881273,127.1306101,3,2021-01-12
송파구,서울특별시 송파구 오금동 마천로 77 ,방범,37.50882339,127.1297836,5,2021-01-12
송파구,서울특별시 송파구 방이동 가락로34길 5 ,방범,37.50887937,127.1187029,3,2021-01-12
송파구,잠실7동 50-4 정신여중 모퉁이,방범,37.50888665,127.073928,4,2021-01-12
송파구,서울특별시 송파구 송파동 백제고분로45길 3 ,방범,37.50901794,127.1108704,1,2021-01-12
송파구,서울특별시 송파구 잠실동 백제고분로15길 41 ,방범,37.50907381,127.0840838,1,2021-01-12
송파구,서울특별시 송파구 방이동 가락로33길 15 ,방범,37.50907898,127.1158066,1,2021-01-12
송파구,서울특별시 송파구 송파동 석촌호수로 262 선일타워,방범,37.50908661,127.105987,4,2021-01-12
송파구,서울특별시 송파구 송파동 백제고분로41길 36 ,방범,37.50927904,127.1074448,1,2021-01-12
송파구,서울특별시 송파구 잠실동 백제고분로7길 16 ,방범,37.50931808,127.0805647,1,2021-01-12
송파구,서울특별시 송파구 잠실동 올림픽로4길 15 아시아선수촌아파트,방범,37.50939133,127.0741864,3,2021-01-12
송파구,서울특별시 송파구 송파동 백제고분로 436 서재곤 링커병원,방범,37.50942106,127.1127477,1,2021-01-12
송파구,서울특별시 송파구 송파동 백제고분로45길 3 ,방범,37.50943756,127.1101074,1,2021-01-12
송파구,서울특별시 송파구 송파동 백제고분로41길 36 ,방범,37.50956345,127.1076508,1,2021-01-12
송파구,서울특별시 송파구 방이동 마천로 27 유장빌딩,방범,37.50959015,127.1248627,1,2021-01-12
송파구,서울특별시 송파구 잠실동 백제고분로7길 24 ,방범,37.50964355,127.0822678,5,2021-01-12
송파구,서울특별시 송파구 오금동 양재대로 1148 왕천빌딩,방범,37.50964355,127.1275787,1,2021-01-12
송파구,서울특별시 송파구 방이동 가락로 244 동원빌딩,방범,37.50980097,127.1186555,4,2021-01-12
송파구,서울특별시 송파구 오금동 위례성대로22길 10 ,방범,37.509871,127.130932,3,2021-01-12
송파구,서울특별시 송파구 잠실동 백제고분로7길 40 ,방범,37.5098877,127.0838776,1,2021-01-12
송파구,서울특별시 송파구 방이동 마천로 37 송파농협,방범,37.50994492,127.1251984,2,2021-01-12
송파구,서울특별시 송파구 방이동 백제고분로48길 12 ,방범,37.51003265,127.114418,1,2021-01-12
송파구,서울특별시 송파구 방이동 양재대로71길 1 벽제갈비,방범,37.510075,127.126499,4,2021-01-12
송파구,서울특별시 송파구 잠실동 올림픽로 8 ,방범,37.51012039,127.0710907,3,2021-01-12
송파구,서울특별시 송파구 방이동 가락로 245 ,방범,37.51012395,127.1175553,2,2021-01-12
송파구,서울특별시 송파구 송파동 백제고분로45길 23 ,방범,37.51015854,127.1089172,1,2021-01-12
송파구,서울특별시 송파구 송파동 오금로 148 ,방범,37.51023865,127.111145,1,2021-01-12
송파구,서울특별시 송파구 방이동 백제고분로48길 20 ,방범,37.51042953,127.1151374,3,2021-01-12
송파구,서울특별시 송파구 방이동 가락로36길 15 빅토리아코트,방범,37.51055809,127.1204238,3,2021-01-12
송파구,서울특별시 송파구 방이동 백제고분로48길 27 성우빌딩,방범,37.5106066,127.1167343,1,2021-01-12
송파구,서울특별시 송파구 잠실동 올림픽로 23 종합운동장역,방범,37.5106303,127.0735525,3,2021-01-12
송파구,서울특별시 송파구 송파동 백제고분로45길 31 ,방범,37.51069641,127.1079254,1,2021-01-12
송파구,서울특별시 송파구 잠실동 백제고분로7길 20 ,방범,37.51071183,127.0815816,4,2021-01-12
송파구,서울특별시 송파구 방이동 마천로 10 태영빌딩,방범,37.51078033,127.1220169,2,2021-01-12
송파구,서울특별시 송파구 잠실동 백제고분로7길 28 ,방범,37.51078178,127.0829582,4,2021-01-12
송파구,서울특별시 송파구 잠실동 석촌호수로 60 승정빌딩,방범,37.51079198,127.0856767,1,2021-01-12
송파구,서울특별시 송파구 방이동 양재대로71길 13 ,방범,37.510843,127.12479,4,2021-01-12
송파구,서울특별시 송파구 방이동 가락로36길 5 정우 아트빌,방범,37.51092529,127.1194229,1,2021-01-12
송파구,서울특별시 송파구 송파동 오금로 130 ,방범,37.51103592,127.109169,1,2021-01-12
송파구,서울특별시 송파구 방이동 오금로 143 백제고분로주유소,방범,37.51109193,127.1119567,2,2021-01-12
송파구,서울특별시 송파구 방이동 백제고분로48가길 14 ,방범,37.51121276,127.1151855,1,2021-01-12
송파구,서울특별시 송파구 방이동 가락로 262 ,방범,37.5112833,127.1195899,3,2021-01-12
송파구,서울특별시 송파구 방이동 마천로1길 14 ,방범,37.511295,127.123441,4,2021-01-12
송파구,서울특별시 송파구 잠실동 올림픽로 74 잠실월드메르디앙,방범,37.51133728,127.079071,1,2021-01-12
송파구,서울특별시 송파구 방이동 양재대로71길 16 ,방범,37.51147461,127.1256104,1,2021-01-12
송파구,서울특별시 송파구 잠실동 올림픽로 102 서일빌딩,방범,37.51155472,127.0822144,2,2021-01-12
송파구,서울특별시 송파구 방이동 오금로 133 ,방범,37.51156616,127.110527,2,2021-01-12
송파구,서울특별시 송파구 방이동 위례성대로 136 ,방범,37.51163259,127.1267646,3,2021-01-12
송파구,서울특별시 송파구 방이동 양재대로71길 28 대원빌딩,방범,37.51169468,127.1242371,3,2021-01-12
송파구,서울특별시 송파구 방이동 가락로37길 7 ,방범,37.51175787,127.1175338,6,2021-01-12
송파구,서울특별시 송파구 방이동 양재대로71길 42 ,방범,37.51179123,127.1225357,1,2021-01-12
송파구,서울특별시 송파구 방이동 가락로37길 17 해조빌라,방범,37.51185226,127.116066,1,2021-01-12
송파구,서울특별시 송파구 잠실동 올림픽로 196 신천 지하보도(송파구 창업 인큐베이터),방범,37.51195145,127.0923309,2,2021-01-12
송파구,서울특별시 송파구 잠실동 올림픽로 196 신천 지하보도(송파구 창업 인큐베이터),방범,37.51198959,127.0927658,2,2021-01-12
송파구,서울특별시 송파구 방이동 가락로42길 11 ,방범,37.51205605,127.121316,4,2021-01-12
송파구,서울특별시 송파구 방이동 가락로39길 15 대진팰리스빌,방범,37.51225571,127.1173244,3,2021-01-12
송파구,서울특별시 송파구 방이동 오금로17길 16 ,방범,37.51231524,127.1122609,4,2021-01-12
송파구,서울특별시 송파구 방이동 가락로40길 3 한흥빌리지가동,방범,37.51245824,127.1202982,3,2021-01-12
송파구,서울특별시 송파구 방이동 양재대로71길 42 ,방범,37.51257324,127.1235428,1,2021-01-12
송파구,서울특별시 송파구 방이동 가락로39길 15 대진팰리스빌,방범,37.51275635,127.1170502,1,2021-01-12
송파구,서울특별시 송파구 방이동 백제고분로50길 40 ,방범,37.51291551,127.1187786,4,2021-01-12
송파구,서울특별시 송파구 신천동 잠실로 209 ,방범,37.51300049,127.106163,1,2021-01-12
송파구,서울특별시 송파구 방이동 가락로39길 36 크로바빌리지,방범,37.51301956,127.115181,1,2021-01-12
송파구,서울특별시 송파구 방이동 가락로 283 ,방범,37.51303806,127.1193699,2,2021-01-12
송파구,서울특별시 송파구 신천동 잠실로 209 ,방범,37.51332092,127.1067352,1,2021-01-12
송파구,서울특별시 송파구 방이동 오금로17길 27 ,방범,37.5133501,127.1122224,2,2021-01-12
송파구,서울특별시 송파구 방이동 백제고분로 477 ,방범,37.513365,127.113337,4,2021-01-12
송파구,서울특별시 송파구 방이동 오금로13길 21 ,방범,37.51377732,127.1103541,3,2021-01-12
송파구,서울특별시 송파구 방이동 백제고분로50길 14 광남벨라스아파트,방범,37.513787,127.116718,3,2021-01-12
송파구,서울특별시 송파구 방이동 오금로13길 21 ,방범,37.51396942,127.1108475,1,2021-01-12
송파구,서울특별시 송파구 방이동 올림픽로32길 19 어울림,방범,37.51411714,127.1116345,3,2021-01-12
송파구,서울특별시 송파구 방이동 올림픽로34길 27 ,방범,37.51436017,127.1122809,3,2021-01-12
송파구,잠실동 22,방범,37.51440048,127.0914078,1,2021-01-12
송파구,서울특별시 송파구 방이동 위례성대로 66 팰리스,방범,37.51442665,127.119197,3,2021-01-12
송파구,서울특별시 송파구 방이동 오금로11길 26 ,방범,37.514479,127.110459,3,2021-01-12
송파구,서울특별시 송파구 방이동 오금로11길 16 ,방범,37.51471512,127.1091913,1,2021-01-12
송파구,서울특별시 송파구 방이동 백제고분로50길 11 ,방범,37.5147171,127.116806,1,2021-01-12
송파구,서울특별시 송파구 방이동 백제고분로50길 29 ,방범,37.51476068,127.1184592,4,2021-01-12
송파구,서울특별시 송파구 방이동 백제고분로50길 15 ,방범,37.51490021,127.1179428,1,2021-01-12
송파구,서울특별시 송파구 방이동 양재대로 1220 BNK 올림픽프라자,방범,37.51530108,127.1339884,3,2021-01-12
송파구,방이동 89-6,방범,37.5153265,127.1390197,1,2021-01-12
송파구,서울특별시 송파구 방이동 오금로11길 47 아시아호텔,방범,37.51538289,127.1128946,4,2021-01-12
송파구,서울특별시 송파구 방이동 오금로11길 23 방이빌딩,방범,37.51538714,127.1109474,4,2021-01-12
송파구,서울특별시 송파구 방이동 올림픽로 340 대동빌딩,방범,37.51574077,127.1088206,4,2021-01-12
송파구,서울특별시 송파구 방이동 위례성대로 14 ,방범,37.51609831,127.114497,3,2021-01-12
송파구,잠실동 19-4,방범,37.51629257,127.079483,1,2021-01-12
송파구,신천동 11-2(뒷길),방범,37.51648331,127.1049576,1,2021-01-12
송파구,방이동 89-24,방범,37.51660538,127.1320648,3,2021-01-12
송파구,신천동 11-9(잠실6동 한신코아 옆길),방범,37.51672745,127.1047974,1,2021-01-12
송파구,서울특별시 송파구 방이동 위례성대로 2 장은빌딩,방범,37.516933,127.112345,3,2021-01-12
송파구,잠실동 24,방범,37.5171642,127.0906108,4,2021-01-12
송파구,신천동 20-1,방범,37.51957321,127.1095734,1,2021-01-12
송파구,신천동 7(잠실나루역 장미전철상가 앞),방범,37.51994324,127.1040344,1,2021-01-12
송파구,신천동 9(잠실나루역 한강공원 연결통로) 장미2차 25동 옆,방범,37.52153951,127.1000583,1,2021-01-12
송파구,신천동 25 분수공원 아래 체육시설쪽,방범,37.52305396,127.1150868,3,2021-01-12
송파구,신천동 17(파크리오 308동 삼거리),방범,37.52309376,127.1116647,3,2021-01-12
송파구,신천동 21,방범,37.523325,127.114465,2,2021-01-12
송파구,서울특별시 송파구 신천동 올림픽로39길 78 가로판매대,방범,37.52333972,127.1072368,4,2021-01-12
송파구,서울특별시 송파구 풍납동 올림픽로43길 20 풍납중학교,방범,37.52482605,127.1154861,1,2021-01-12
송파구,풍납동 388-8 풍성초 정문,방범,37.52608577,127.1124541,2,2021-01-12
송파구,서울특별시 송파구 풍납동 강동대로 67 올림픽대교빌딩,방범,37.52622239,127.1157662,3,2021-01-12
송파구,서울특별시 송파구 풍납동 강동대로7길 14 ,방범,37.52722057,127.1162917,4,2021-01-12
송파구,서울특별시 송파구 풍납동 강동대로 59 ,방범,37.52797907,127.1146243,3,2021-01-12
송파구,풍납동 314 아산병원 패밀리타운 후문,방범,37.52823296,127.1106533,2,2021-01-12
송파구,서울특별시 송파구 풍납동 토성로 65 태양상가,방범,37.52890018,127.1171617,2,2021-01-12
송파구,서울특별시 송파구 풍납동 강동대로3길 14 ,방범,37.52890636,127.11581,4,2021-01-12
송파구,풍납2동 469-3 올림픽대교 아래,방범,37.52908598,127.1092424,3,2021-01-12
송파구,서울특별시 송파구 풍납동 토성로15길 6 ,방범,37.52927,127.117149,5,2021-01-12
송파구,서울특별시 송파구 풍납동 토성로 36 ,방범,37.52988355,127.1147639,3,2021-01-12
송파구,서울특별시 송파구 풍납동 토성로 16 ,방범,37.53012848,127.1127472,1,2021-01-12
송파구,서울특별시 송파구 풍납동 풍성로22길 48 ,방범,37.53022,127.115644,2,2021-01-12
송파구,서울특별시 송파구 풍납동 올림픽로 537 ,방범,37.53089717,127.1196779,2,2021-01-12
송파구,서울특별시 송파구 풍납동 올림픽로49길 20 ,방범,37.53105368,127.1193476,4,2021-01-12
송파구,서울특별시 송파구 풍납동 토성로 27 ,방범,37.5311043,127.1133412,3,2021-01-12
송파구,서울특별시 송파구 풍납동 풍성로22길 29 ,방범,37.53123474,127.11689,1,2021-01-12
송파구,서울특별시 송파구 풍납동 토성로 27 ,방범,37.53142929,127.113884,1,2021-01-12
송파구,서울특별시 송파구 풍납동 토성로 11 ,방범,37.5316752,127.1121766,2,2021-01-12
송파구,서울특별시 송파구 풍납동 토성로 2 풍납 자전거대여소,방범,37.53168488,127.1106033,1,2021-01-12
송파구,서울특별시 송파구 풍납동 올림픽로49길 20 ,방범,37.53187943,127.1191025,2,2021-01-12
송파구,서울특별시 송파구 풍납동 올림픽로51길 27 ,방범,37.532529,127.11807,4,2021-01-12
송파구,서울특별시 송파구 풍납동 풍성로14길 44 ,방범,37.53290509,127.1136921,3,2021-01-12
송파구,서울특별시 송파구 풍납동 풍성로14길 19 토성현대아파트,방범,37.53294754,127.1150436,1,2021-01-12
송파구,서울특별시 송파구 풍납동 풍성로14길 51 풀하우스,방범,37.533052,127.112772,5,2021-01-12
송파구,서울특별시 송파구 풍납동 올림픽로51길 41 ,방범,37.53323746,127.1161652,1,2021-01-12
송파구,서울특별시 송파구 풍납동 풍성로14길 62 풍납동다세대주택204동,방범,37.533281,127.111046,5,2021-01-12
송파구,서울특별시 송파구 풍납동 올림픽로51길 41 ,방범,37.53365707,127.1165009,3,2021-01-12
송파구,서울특별시 송파구 풍납동 풍성로 48 ,방범,37.53375014,127.1176258,4,2021-01-12
송파구,서울특별시 송파구 풍납동 풍성로14길 51 풀하우스,방범,37.53375896,127.1128059,3,2021-01-12
송파구,서울특별시 송파구 풍납동 풍성로 69 ,방범,37.53377533,127.1204681,1,2021-01-12
송파구,서울특별시 송파구 풍납동 올림픽로51길 61 ,방범,37.53396988,127.1142349,1,2021-01-12
송파구,서울특별시 송파구 풍납동 풍성로 63 ,방범,37.534437,127.119012,3,2021-01-12
송파구,서울특별시 송파구 풍납동 올림픽로 585 ,방범,37.53456175,127.1213023,3,2021-01-12
송파구,서울특별시 송파구 풍납동 풍성로 24 ,방범,37.534824,127.115244,3,2021-01-12
송파구,서울특별시 송파구 풍납동 한가람로 410 ,방범,37.53493523,127.1122185,3,2021-01-12
송파구,서울특별시 송파구 풍납동 올림픽로 597 ,방범,37.53535066,127.1214932,4,2021-01-12
송파구,서울특별시 송파구 풍납동 올림픽로 607 ,방범,37.53629791,127.1220901,4,2021-01-12
송파구,서울특별시 송파구 풍납동 바람드리12길 9 ,방범,37.5363121,127.1189041,1,2021-01-12
송파구,서울특별시 송파구 풍납동 바람드리2길 13 ,방범,37.536623,127.116906,3,2021-01-12
송파구,서울특별시 송파구 풍납동 바람드리2길 13 ,방범,37.53667068,127.1161728,1,2021-01-12
송파구,서울특별시 송파구 풍납동 바람드리12길 9 ,방범,37.5366756,127.118179,3,2021-01-12
송파구,서울특별시 송파구 풍납동 바람드리13길 1 수 어린이집,방범,37.53721804,127.1191356,2,2021-01-12
송파구,서울특별시 송파구 풍납동 바람드리10길 1 ,방범,37.53733389,127.118127,6,2021-01-12
송파구,서울특별시 송파구 풍납동 바람드리15길 4 ,방범,37.53738362,127.1200834,6,2021-01-12
송파구,서울특별시 송파구 풍납동 바람드리10길 10 ,방범,37.53772139,127.1172113,2,2021-01-12
송파구,서울특별시 송파구 풍납동 바람드리10길 1 ,방범,37.53777206,127.1189118,3,2021-01-12
송파구,서울특별시 송파구 풍납동 바람드리1길 4 스타아트빌,방범,37.53801041,127.1174487,3,2021-01-12
송파구,서울특별시 송파구 풍납동 천호대로 992 ,방범,37.538122,127.122235,3,2021-01-12
송파구,서울특별시 송파구 풍납동 천호대로 992 ,방범,37.53817694,127.1226259,3,2021-01-12
송파구,서울특별시 송파구 풍납동 한가람로 468 신성노바빌아파트,방범,37.53818582,127.1160083,3,2021-01-12
송파구,서울특별시 송파구 풍납동 천호대로152길 9 ,방범,37.538307,127.121113,2,2021-01-12
송파구,서울특별시 송파구 풍납동 바람드리13길 1 ,방범,37.53835678,127.1190872,1,2021-01-12
송파구,서울특별시 송파구 풍납동 바람드리13길 1 ,방범,37.53836268,127.1197769,5,2021-01-12
송파구,서울특별시 송파구 풍납동 바람드리13길 10 ,방범,37.53842649,127.1205118,5,2021-01-12
송파구,서울특별시 송파구 풍납동 바람드리5길 9 ,방범,37.53842923,127.1182182,7,2021-01-12
송파구,서울특별시 송파구 풍납동 바람드리1길 4 스타아트빌,방범,37.53881073,127.1175842,1,2021-01-12
송파구,서울특별시 송파구 풍납동 바람드리5길 18 ,방범,37.53993607,127.1194458,1,2021-01-12
송파구,장지동 393 지하차도삼거리 주변,불법주정차,37.47334726,127.1406544,4,2021-01-12
송파구,장지동 393 위례광장로 2길 주변,불법주정차,37.47558212,127.1421814,3,2021-01-12
송파구,서울특별시 송파구 장지동 충민로2길 20 송파산모건강증진센터,불법주정차,37.47715378,127.1275711,3,2021-01-12
송파구,서울특별시 송파구 장지동 위례순환로 413 위례새솔어린이집,불법주정차,37.47828175,127.1419984,4,2021-01-12
송파구,서울특별시 송파구 장지동 위례광장로 243 서울위례별초등학교,불법주정차,37.4783783,127.1441422,1,2021-01-12
송파구,서울특별시 송파구 문정동 충민로 52 가든파이브웍스,불법주정차,37.47863388,127.1235657,3,2021-01-12
송파구,문정2동 624 파크하비오푸르지오A 주변,불법주정차,37.48043244,127.1225972,1,2021-01-12
송파구,문정2동 626 가든파이브사거리 주변,불법주정차,37.48147202,127.1220322,3,2021-01-12
송파구,서울특별시 송파구 장지동 위례광장로 185 위례신도시 송파푸르지오,불법주정차,37.4816246,127.1418457,3,2021-01-12
송파구,장지동 846,불법주정차,37.481942,127.130779,3,2021-01-12
송파구,서울특별시 송파구 문정동 법원로11길 32 혜화복합시설,불법주정차,37.48518372,127.1154251,1,2021-01-12
송파구,서울특별시 송파구 문정동 법원로11길 7 문정현대지식산업센터1-2,불법주정차,37.485873,127.119489,3,2021-01-12
송파구,서울특별시 송파구 거여동 양산로 13 라이프거여아파트,불법주정차,37.49021134,127.1430372,1,2021-01-12
송파구,서울특별시 송파구 문정동 중대로 20 문정동우체국,불법주정차,37.49023819,127.1114349,3,2021-01-12
송파구,서울특별시 송파구 문정동 송이로 190 현대자동차공업사,불법주정차,37.49061584,127.1272659,3,2021-01-12
송파구,문정2동 150-5 훼밀리근린공원 주변,불법주정차,37.49085999,127.1134262,3,2021-01-12
송파구,서울특별시 송파구 가락동 중대로 55 가로판매대,불법주정차,37.49119568,127.1144943,3,2021-01-12
송파구,서울특별시 송파구 가락동 중대로 70 가로판매대,불법주정차,37.49172974,127.1165161,3,2021-01-12
송파구,서울특별시 송파구 가락동 동남로 149 ,불법주정차,37.49254468,127.1278979,3,2021-01-12
송파구,서울특별시 송파구 거여동 오금로 515 ,불법주정차,37.49305725,127.1460953,1,2021-01-12
송파구,서울특별시 송파구 가락동 동남로18길 37 ,불법주정차,37.49330575,127.1340808,3,2021-01-12
송파구,서울특별시 송파구 거여동 오금로 485 ,불법주정차,37.49378967,127.1432495,1,2021-01-12
송파구,서울특별시 송파구 가락동 송파대로28길 11 캘리포니아관광호텔,불법주정차,37.49416733,127.1196442,1,2021-01-12
송파구,서울특별시 송파구 가락동 중대로 126 ,불법주정차,37.4943428,127.1224747,3,2021-01-12
송파구,서울특별시 송파구 가락동 송이로20길 11 ,불법주정차,37.49576989,127.1207984,1,2021-01-12
송파구,서울특별시 송파구 가락동 동남로 207 ,불법주정차,37.49639893,127.131485,3,2021-01-12
송파구,서울특별시 송파구 마천동 마천로 271 ,불법주정차,37.49723053,127.1475525,3,2021-01-12
송파구,서울특별시 송파구 가락동 송이로 93 일정빌딩,불법주정차,37.49744415,127.1213379,3,2021-01-12
송파구,서울특별시 송파구 가락동 양재대로62길 21 ,불법주정차,37.49750137,127.1194839,3,2021-01-12
송파구,서울특별시 송파구 가락동 오금로 402 개롱역,불법주정차,37.49751282,127.1356049,3,2021-01-12
송파구,서울특별시 송파구 거여동 마천로 252 ,불법주정차,37.4986763,127.1456909,3,2021-01-12
송파구,서울특별시 송파구 삼전동 백제고분로28길 35 ,불법주정차,37.49904633,127.0914154,3,2021-01-12
송파구,서울특별시 송파구 가락동 송이로17길 17 ,불법주정차,37.49912643,127.1224747,3,2021-01-12
송파구,서울특별시 송파구 석촌동 가락로 70 ,불법주정차,37.49938369,127.1045898,1,2021-01-12
송파구,서울특별시 송파구 마천동 성내천로 222 ,불법주정차,37.49944267,127.1527921,1,2021-01-12
송파구,서울특별시 송파구 석촌동 가락로12길 4 파크팰리스,불법주정차,37.49976985,127.1053937,1,2021-01-12
송파구,서울특별시 송파구 삼전동 백제고분로28길 36 ,불법주정차,37.49978638,127.0892487,3,2021-01-12
송파구,서울특별시 송파구 석촌동 가락로 71 ,불법주정차,37.50017548,127.1042557,3,2021-01-12
송파구,서울특별시 송파구 가락동 송이로17길 39 ,불법주정차,37.50035858,127.1248779,3,2021-01-12
송파구,서울특별시 송파구 석촌동 가락로 79 ,불법주정차,37.50049973,127.1054993,3,2021-01-12
송파구,서울특별시 송파구 오금동 동남로 274 제일빌딩,불법주정차,37.50051117,127.1368332,3,2021-01-12
송파구,서울특별시 송파구 석촌동 삼학사로 32 YH빌딩,불법주정차,37.50055313,127.0967255,3,2021-01-12
송파구,서울특별시 송파구 석촌동 송파대로37길 20 ,불법주정차,37.50095522,127.1095789,1,2021-01-12
송파구,서울특별시 송파구 석촌동 가락로 108 ,불법주정차,37.50142288,127.1085358,3,2021-01-12
송파구,서울특별시 송파구 오금동 마천로 189 ,불법주정차,37.50221252,127.1404114,3,2021-01-12
송파구,서울특별시 송파구 삼전동 백제고분로 265 ,불법주정차,37.50234985,127.0966034,1,2021-01-12
송파구,서울특별시 송파구 석촌동 백제고분로 284 ,불법주정차,37.50272751,127.0986786,3,2021-01-12
송파구,서울특별시 송파구 삼전동 백제고분로 237 한림빌딩,불법주정차,37.50304413,127.0932083,1,2021-01-12
송파구,서울특별시 송파구 잠실동 삼전로 41 ,불법주정차,37.5033165,127.0869092,1,2021-01-12
송파구,서울특별시 송파구 송파동 가락로 157 ,불법주정차,37.50350189,127.1135941,3,2021-01-12
송파구,서울특별시 송파구 삼전동 백제고분로 204 에스엔씨빌딩,불법주정차,37.50389481,127.0892105,3,2021-01-12
송파구,서울특별시 송파구 석촌동 삼학사로 76 ,불법주정차,37.50404358,127.0972366,1,2021-01-12
송파구,서울특별시 송파구 오금동 마천로 139 ,불법주정차,37.50466156,127.1351776,3,2021-01-12
송파구,서울특별시 송파구 잠실동 백제고분로 166 ,불법주정차,37.50488281,127.085701,3,2021-01-12
송파구,서울특별시 송파구 잠실동 백제고분로 156 ,불법주정차,37.50537109,127.0849915,1,2021-01-12
송파구,서울특별시 송파구 잠실동 백제고분로 127 ,불법주정차,37.50619507,127.0811768,3,2021-01-12
송파구,서울특별시 송파구 방이동 오금로 251 잠실3차(방이동) 한양아파트,불법주정차,37.50622308,127.1210326,1,2021-01-12
송파구,서울특별시 송파구 잠실동 삼전로 81 장학학원빌딩,불법주정차,37.50637054,127.0898972,1,2021-01-12
송파구,서울특별시 송파구 석촌동 삼학사로 98 로사나관광호텔,불법주정차,37.50646591,127.0970764,3,2021-01-12
송파구,서울특별시 송파구 송파동 백제고분로 390 ,불법주정차,37.50696945,127.109436,3,2021-01-12
송파구,서울특별시 송파구 송파동 오금로 212 일신빌딩,불법주정차,37.50718307,127.1177597,3,2021-01-12
송파구,서울특별시 송파구 잠실동 석촌호수로 133 레이크팰리스,불법주정차,37.50727844,127.0916901,3,2021-01-12
송파구,서울특별시 송파구 오금동 마천로 68 청용빌딩,불법주정차,37.50775909,127.1278687,1,2021-01-12
송파구,서울특별시 송파구 오금동 중대로 312 D.S 타워,불법주정차,37.50871952,127.1334208,1,2021-01-12
송파구,서울특별시 송파구 방이동 마천로 27 유장빌딩,불법주정차,37.50924301,127.1247787,3,2021-01-12
송파구,서울특별시 송파구 잠실동 석촌호수로 78 ,불법주정차,37.50931177,127.0867336,1,2021-01-12
송파구,서울특별시 송파구 방이동 양재대로71길 1 올림픽하이빌,불법주정차,37.50934601,127.1267548,3,2021-01-12
송파구,서울특별시 송파구 방이동 마천로 20 창암빌딩,불법주정차,37.509559,127.123483,1,2021-01-12
송파구,서울특별시 송파구 잠실동 삼학사로 136 서울놀이마당,불법주정차,37.5097847,127.0977173,3,2021-01-12
송파구,서울특별시 송파구 방이동 가락로 244 동원빌딩,불법주정차,37.50983047,127.1180573,3,2021-01-12
송파구,서울특별시 송파구 방이동 양재대로71길 1 벽제갈비,불법주정차,37.510053,127.1266794,1,2021-01-12
송파구,잠실3동 44 레이크팰리스(잠실삼거리) 주변,불법주정차,37.51011276,127.0932236,3,2021-01-12
송파구,서울특별시 송파구 잠실동 백제고분로 67 위너스오피스텔2,불법주정차,37.51023938,127.078862,3,2021-01-12
송파구,서울특별시 송파구 잠실동 석촌호수로 61 트리지움,불법주정차,37.51038361,127.0861664,3,2021-01-12
송파구,서울특별시 송파구 잠실동 올림픽로 8 ,불법주정차,37.5104599,127.0716095,1,2021-01-12
송파구,서울특별시 송파구 방이동 마천로 1 보람파크빌리지,불법주정차,37.51060867,127.1210938,3,2021-01-12
송파구,서울특별시 송파구 잠실동 송파나루길 256 문화공간 호수,불법주정차,37.51099014,127.1019897,3,2021-01-12
송파구,서울특별시 송파구 송파동 오금로 130 ,불법주정차,37.51120758,127.109726,3,2021-01-12
송파구,서울특별시 송파구 방이동 오금로 133 ,불법주정차,37.51138687,127.1100388,3,2021-01-12
송파구,서울특별시 송파구 잠실동 올림픽로 120 ,불법주정차,37.51143265,127.0847702,3,2021-01-12
송파구,서울특별시 송파구 방이동 가락로40길 15 ,불법주정차,37.51168823,127.121933,3,2021-01-12
송파구,서울특별시 송파구 방이동 백제고분로 456 ,불법주정차,37.51191661,127.1130728,1,2021-01-12
송파구,잠실3동 40-1 롯데마트주차장입구 주변,불법주정차,37.51192856,127.0952377,3,2021-01-12
송파구,잠실3동 40-1 롯데호텔 주변,불법주정차,37.51218796,127.1005859,3,2021-01-12
송파구,잠실2동 19-9 파인애플상가 주변,불법주정차,37.51258087,127.0851974,3,2021-01-12
송파구,서울특별시 송파구 방이동 백제고분로 465 ,불법주정차,37.51272583,127.1138992,3,2021-01-12
송파구,잠실3동 39 잠실롯데월드 앞 버스정류장 주변,불법주정차,37.51277308,127.0982827,1,2021-01-12
송파구,서울특별시 송파구 신천동 잠실로 209 ,불법주정차,37.51305008,127.1061096,3,2021-01-12
송파구,서울특별시 송파구 신천동 올림픽로 275 가로판매대,불법주정차,37.5134201,127.1013947,3,2021-01-12
송파구,서울특별시 송파구 신천동 올림픽로 289 잠실시그마타워,불법주정차,37.51408768,127.102005,3,2021-01-12
송파구,서울특별시 송파구 신천동 올림픽로 295 ,불법주정차,37.51420593,127.1035461,3,2021-01-12
송파구,서울특별시 송파구 신천동 올림픽로 326 송파구청,불법주정차,37.5144577,127.1069336,1,2021-01-12
송파구,신천동 29-5 송파구청(교통회관방면) 주변,불법주정차,37.51480484,127.1053925,3,2021-01-12
송파구,서울특별시 송파구 방이동 백제고분로 503 유정빌딩,불법주정차,37.51529312,127.1155014,3,2021-01-12
송파구,잠실2동 18-1 잠실엘스-리센츠A 삼거리 주변,불법주정차,37.51629305,127.0844713,1,2021-01-12
송파구,서울특별시 송파구 신천동 올림픽로35길 125 삼성SDS,불법주정차,37.51691055,127.1002731,1,2021-01-12
송파구,서울특별시 송파구 신천동 올림픽로35길 10 파크리오,불법주정차,37.5200119,127.1125183,3,2021-01-12
송파구,서울특별시 송파구 신천동 오금로 17 가로판매대,불법주정차,37.52029419,127.1048126,3,2021-01-12
송파구,서울특별시 송파구 신천동 오금로 17 가로판매대,불법주정차,37.52089691,127.1049118,3,2021-01-12
송파구,서울특별시 송파구 신천동 올림픽로37길 121 잠실어린이집,불법주정차,37.52167511,127.1045151,3,2021-01-12
송파구,풍납2동 389-1,불법주정차,37.5247,127.114859,3,2021-01-12
송파구,서울특별시 송파구 풍납동 올림픽로43길 88 서울아산병원,불법주정차,37.52481844,127.1072796,1,2021-01-12
송파구,풍납2동 434,불법주정차,37.52486,127.11099,1,2021-01-12
송파구,풍납2동 434 풍성중학교 주변,불법주정차,37.52486038,127.1109924,3,2021-01-12
송파구,풍납2동 387,불법주정차,37.52534,127.1061,1,2021-01-12
송파구,서울특별시 송파구 풍납동 강동대로 67 올림픽대교빌딩,불법주정차,37.5265274,127.1150589,3,2021-01-12
송파구,풍납2동 388-1 아산병원동관후문 주변,불법주정차,37.52682495,127.1072769,3,2021-01-12
송파구,풍납2동 388-6,불법주정차,37.526955,127.113204,4,2021-01-12
송파구,서울특별시 송파구 풍납동 토성로 65 태양상가,불법주정차,37.52802277,127.1175919,1,2021-01-12
송파구,풍납2동 469-3,불법주정차,37.528548,127.108631,4,2021-01-12
송파구,서울특별시 송파구 풍납동 토성로15길 6 ,불법주정차,37.52902005,127.1170101,3,2021-01-12
송파구,서울특별시 송파구 풍납동 토성로 21 ,불법주정차,37.530069,127.113899,3,2021-01-12
송파구,풍납2동 310-12,불법주정차,37.53027,127.11035,1,2021-01-12
송파구,풍납2동 310-12,불법주정차,37.530305,127.110454,3,2021-01-12
송파구,서울특별시 송파구 풍납동 올림픽로 585 ,불법주정차,37.53448868,127.1217194,3,2021-01-12
송파구,서울특별시 송파구 석촌동 가락로5길 4 ,시설물 관리,37.50073624,127.1020966,1,2021-01-12
송파구,석촌동 248,시설물 관리,37.5014267,127.1023102,1,2021-01-12
송파구,서울특별시 송파구 석촌동 가락로5길 19 ,시설물 관리,37.5014801,127.1017685,1,2021-01-12
송파구,석촌동 248,시설물 관리,37.50188647,127.1028215,3,2021-01-12
송파구,서울특별시 송파구 석촌동 가락로7길 21 백제초기적석총,시설물 관리,37.50217056,127.1025162,1,2021-01-12
송파구,서울특별시 송파구 석촌동 가락로7길 21 백제초기적석총,시설물 관리,37.50273514,127.1026459,1,2021-01-12
송파구,서울특별시 송파구 석촌동 가락로5길 24 ,시설물 관리,37.50278854,127.1018448,1,2021-01-12
송파구,서울특별시 송파구 석촌동 백제고분로36가길 3 옥토교회,시설물 관리,37.50305939,127.1019211,1,2021-01-12
송파구,서울특별시 송파구 석촌동 백제고분로 328 ,시설물 관리,37.50331497,127.1027527,1,2021-01-12
송파구,서울특별시 송파구 석촌동 백제고분로 328 ,시설물 관리,37.50381088,127.1028137,1,2021-01-12
송파구,서울특별시 송파구 석촌동 백제고분로36가길 3 옥토교회,시설물 관리,37.50395966,127.1015472,1,2021-01-12
송파구,서울특별시 송파구 방이동 오금로 229 ,시설물 관리,37.50746918,127.1195526,1,2021-01-12
송파구,서울특별시 송파구 방이동 오금로 229 ,시설물 관리,37.50747681,127.1195068,1,2021-01-12
송파구,서울특별시 송파구 방이동 오금로 229 ,시설물 관리,37.50757217,127.1191254,1,2021-01-12
송파구,서울특별시 송파구 방이동 오금로 219 방이백제고분,시설물 관리,37.50763321,127.1181335,1,2021-01-12
송파구,서울특별시 송파구 송파동 오금로 212 일신빌딩,시설물 관리,37.50777435,127.1177521,1,2021-01-12
송파구,서울특별시 송파구 송파동 오금로 212 일신빌딩,시설물 관리,37.50777817,127.1178131,1,2021-01-12
송파구,서울특별시 송파구 방이동 가락로34길 5 ,시설물 관리,37.50827789,127.1182632,1,2021-01-12
송파구,서울특별시 송파구 방이동 가락로34길 5 ,시설물 관리,37.5083046,127.1181946,1,2021-01-12
송파구,서울특별시 송파구 방이동 가락로 231 소망빌딩,시설물 관리,37.50849915,127.1175156,1,2021-01-12
송파구,서울특별시 송파구 방이동 가락로 231 소망빌딩,시설물 관리,37.50850677,127.1175766,1,2021-01-12
송파구,서울특별시 송파구 잠실동 송파나루길 256 문화공간 호수,시설물 관리,37.51052324,127.1017655,1,2021-01-12
송파구,서울특별시 송파구 신천동 올림픽로 275 가로판매대,시설물 관리,37.51395417,127.1013053,2,2021-01-12
송파구,서울특별시 송파구 풍납동 풍성로 14 미성맨션,시설물 관리,37.53521347,127.1143417,1,2021-01-12
송파구,서울특별시 송파구 풍납동 풍성로 14 미성맨션,시설물 관리,37.5352478,127.1149826,1,2021-01-12
송파구,서울특별시 송파구 풍납동 풍성로 4 ,시설물 관리,37.53538895,127.1137085,1,2021-01-12
송파구,서울특별시 송파구 풍납동 풍성로 4 ,시설물 관리,37.53555298,127.1131668,1,2021-01-12
송파구,서울특별시 송파구 풍납동 풍성로 14 미성맨션,시설물 관리,37.53570938,127.1145096,1,2021-01-12
송파구,서울특별시 송파구 풍납동 풍성로 27 ,시설물 관리,37.53571701,127.1150818,1,2021-01-12
송파구,서울특별시 송파구 풍납동 풍성로 4 ,시설물 관리,37.53572464,127.1134644,1,2021-01-12
송파구,서울특별시 송파구 풍납동 풍성로 4 ,시설물 관리,37.53572845,127.1139374,1,2021-01-12
송파구,서울특별시 송파구 풍납동 풍성로 27 ,시설물 관리,37.53574918,127.116865,1,2021-01-12
송파구,서울특별시 송파구 풍납동 바람드리12길 23 ,시설물 관리,37.53584508,127.1171553,1,2021-01-12
송파구,서울특별시 송파구 풍납동 풍성로 4 ,시설물 관리,37.53587341,127.1132126,1,2021-01-12
송파구,서울특별시 송파구 풍납동 풍성로 27 ,시설물 관리,37.53596111,127.1166395,1,2021-01-12
송파구,풍납동 199-4,시설물 관리,37.53604889,127.1141968,1,2021-01-12
송파구,서울특별시 송파구 풍납동 한가람로 437 ,시설물 관리,37.53606796,127.1137085,1,2021-01-12
송파구,서울특별시 송파구 풍납동 바람드리10길 14 ,시설물 관리,37.53613852,127.1173108,1,2021-01-12
송파구,서울특별시 송파구 풍납동 바람드리10길 14 ,시설물 관리,37.53634204,127.1175957,1,2021-01-12
송파구,풍납동 199-4,시설물 관리,37.53639984,127.1140747,1,2021-01-12
송파구,서울특별시 송파구 풍납동 바람드리10길 14 ,시설물 관리,37.53644901,127.1170147,1,2021-01-12
송파구,서울특별시 송파구 거여동 양산로2길 26 거원초등학교,어린이안전,37.48828948,127.1450331,3,2021-01-12
송파구,서울특별시 송파구 거여동 양산로2길 26 거원초등학교,어린이안전,37.48844721,127.14584,3,2021-01-12
송파구,서울특별시 송파구 거여동 오금로 475 ,어린이안전,37.49437714,127.1422043,1,2021-01-12
송파구,서울특별시 송파구 마천동 마천로57길 4 ,어린이안전,37.49451828,127.1522751,6,2021-01-12
송파구,서울특별시 송파구 마천동 마천로57길 4 ,어린이안전,37.49491119,127.1526947,1,2021-01-12
송파구,서울특별시 송파구 마천동 마천로 323 ,어린이안전,37.49499678,127.1519015,3,2021-01-12
송파구,서울특별시 송파구 거여동 거마로 21 ,어린이안전,37.49525833,127.1448364,2,2021-01-12
송파구,서울특별시 송파구 거여동 거마로5길 15 금수산빌라,어린이안전,37.49533014,127.1433455,3,2021-01-12
송파구,서울특별시 송파구 마천동 마천로57길 17 ,어린이안전,37.49537146,127.1533363,6,2021-01-12
송파구,서울특별시 송파구 거여동 오금로 463 미정빌딩,어린이안전,37.49575362,127.1417153,3,2021-01-12
송파구,서울특별시 송파구 마천동 마천로61바길 25 ,어린이안전,37.49581528,127.152565,7,2021-01-12
송파구,서울특별시 송파구 거여동 거마로7길 16 ,어린이안전,37.49603564,127.1437807,3,2021-01-12
송파구,서울특별시 송파구 마천동 성내천로 264 ,어린이안전,37.49633026,127.1533508,1,2021-01-12
송파구,서울특별시 송파구 거여동 거마로7길 30 거여동 골드빌Ⅱ,어린이안전,37.49673408,127.1427844,3,2021-01-12
송파구,서울특별시 송파구 오금동 문정로 211 서울개롱초등학교,어린이안전,37.49701309,127.1403351,1,2021-01-12
송파구,서울특별시 송파구 마천동 거마로20길 11 ,어린이안전,37.49713135,127.148941,1,2021-01-12
송파구,서울특별시 송파구 오금동 문정로 211 서울개롱초등학교,어린이안전,37.497612,127.1403427,3,2021-01-12
송파구,서울특별시 송파구 거여동 거마로7길 40 ,어린이안전,37.49787466,127.1412831,3,2021-01-12
송파구,서울특별시 송파구 오금동 문정로 221 풍성애뜰안,어린이안전,37.49846649,127.1408691,1,2021-01-12
송파구,서울특별시 송파구 송파동 송파대로36길 8 서울중대초등학교,어린이안전,37.49909383,127.1135201,1,2021-01-12
송파구,서울특별시 송파구 가락동 송이로 74 신가빌딩,어린이안전,37.49923325,127.1199036,1,2021-01-12
송파구,서울특별시 송파구 마천동 거마로 71 원천빌딩,어린이안전,37.49941984,127.1465466,1,2021-01-12
송파구,서울특별시 송파구 마천동 거마로 71 원천빌딩,어린이안전,37.49990082,127.1463165,1,2021-01-12
송파구,서울특별시 송파구 석촌동 가락로 39 ,어린이안전,37.49994937,127.1002032,3,2021-01-12
송파구,서울특별시 송파구 삼전동 백제고분로32길 18 동승아파트,어린이안전,37.5001297,127.0949783,1,2021-01-12
송파구,서울특별시 송파구 송파동 송파대로36길 7 ,어린이안전,37.50048447,127.1135254,3,2021-01-12
송파구,서울특별시 송파구 마천동 성내천로 207 남천초등학교,어린이안전,37.50056458,127.1511612,1,2021-01-12
송파구,서울특별시 송파구 송파동 송파대로34가길 18 ,어린이안전,37.50072861,127.1158371,1,2021-01-12
송파구,서울특별시 송파구 삼전동 백제고분로28길 19 ,어린이안전,37.50080872,127.0930634,1,2021-01-12
송파구,서울특별시 송파구 마천동 성내천로 207 남천초등학교,어린이안전,37.50091934,127.1516495,2,2021-01-12
송파구,서울특별시 송파구 삼전동 백제고분로28길 12 ,어린이안전,37.50123978,127.0915527,2,2021-01-12
송파구,서울특별시 송파구 마천동 성내천로29가길 1 ,어린이안전,37.50131607,127.1526337,1,2021-01-12
송파구,서울특별시 송파구 석촌동 가락로 99 ,어린이안전,37.50174332,127.1078949,1,2021-01-12
송파구,서울특별시 송파구 석촌동 가락로11길 8 영신빌딩,어린이안전,37.50188065,127.1044006,4,2021-01-12
송파구,서울특별시 송파구 송파동 송이로 27 송파KCC아파트,어린이안전,37.50204849,127.1171112,1,2021-01-12
송파구,서울특별시 송파구 삼전동 백제고분로 232 남양빌딩,어린이안전,37.50211334,127.0921097,2,2021-01-12
송파구,서울특별시 송파구 오금동 동남로23길 27 ,어린이안전,37.50241931,127.1336849,1,2021-01-12
송파구,서울특별시 송파구 석촌동 가락로11길 19 ,어린이안전,37.50258255,127.1040497,5,2021-01-12
송파구,서울특별시 송파구 삼전동 백제고분로 232 남양빌딩,어린이안전,37.50259781,127.092308,1,2021-01-12
송파구,서울특별시 송파구 석촌동 가락로5길 3 ,어린이안전,37.50299073,127.1002231,1,2021-01-12
송파구,서울특별시 송파구 오금동 동남로 318 ,어린이안전,37.50304031,127.1395798,2,2021-01-12
송파구,서울특별시 송파구 석촌동 백제고분로36가길 3 옥토교회,어린이안전,37.50331497,127.1015167,1,2021-01-12
송파구,서울특별시 송파구 석촌동 백제고분로 330 ,어린이안전,37.50363541,127.1035385,1,2021-01-12
송파구,서울특별시 송파구 석촌동 백제고분로37가길 3 ,어린이안전,37.5041701,127.1030149,1,2021-01-12
송파구,서울특별시 송파구 석촌동 백제고분로36가길 19 ,어린이안전,37.50423085,127.1029802,1,2021-01-12
송파구,서울특별시 송파구 석촌동 백제고분로37가길 3 ,어린이안전,37.5042734,127.1030794,1,2021-01-12
송파구,서울특별시 송파구 석촌동 백제고분로36가길 19 ,어린이안전,37.50432447,127.1029158,1,2021-01-12
송파구,서울특별시 송파구 오금동 동남로30길 12 태림빌라,어린이안전,37.50434875,127.1403961,3,2021-01-12
송파구,서울특별시 송파구 석촌동 백제고분로36가길 19 ,어린이안전,37.50440979,127.1023788,1,2021-01-12
송파구,서울특별시 송파구 삼전동 백제고분로27길 12 ,어린이안전,37.5046499,127.094358,4,2021-01-12
송파구,서울특별시 송파구 송파동 오금로32길 13 가락삼익맨숀,어린이안전,37.50488615,127.1203582,1,2021-01-12
송파구,서울특별시 송파구 오금동 마천로 111 여산빌딩,어린이안전,37.5055249,127.1326634,1,2021-01-12
송파구,서울특별시 송파구 석촌동 석촌호수로18길 11 ,어린이안전,37.50595141,127.1013711,1,2021-01-12
송파구,서울특별시 송파구 삼전동 석촌호수로 162 강남중앙교회,어린이안전,37.50670284,127.0955067,1,2021-01-12
송파구,서울특별시 송파구 송파동 가락로21길 61 동현빌라,어린이안전,37.50676346,127.1111908,1,2021-01-12
송파구,서울특별시 송파구 잠실동 석촌호수로 135 레이크팰리스,어린이안전,37.50713348,127.0926895,1,2021-01-12
송파구,서울특별시 송파구 송파동 백제고분로44길 3 비봉실업,어린이안전,37.50725937,127.1116257,3,2021-01-12
송파구,서울특별시 송파구 석촌동 백제고분로39길 30 ,어린이안전,37.50749818,127.1031238,5,2021-01-12
송파구,서울특별시 송파구 오금동 위례성대로 192 ,어린이안전,37.50920486,127.1325912,1,2021-01-12
송파구,서울특별시 송파구 방이동 가락로36길 15 방이동다세대주택,어린이안전,37.50927402,127.1203478,4,2021-01-12
송파구,서울특별시 송파구 방이동 마천로 14 문성빌딩,어린이안전,37.50952911,127.1223373,1,2021-01-12
송파구,서울특별시 송파구 방이동 가락로36길 15 빅토리아코트,어린이안전,37.51005173,127.1209259,2,2021-01-12
송파구,서울특별시 송파구 방이동 양재대로 1196 서울오륜초등학교,어린이안전,37.51202774,127.1338348,2,2021-01-12
송파구,서울특별시 송파구 방이동 가락로 271 한일빌딩,어린이안전,37.51277924,127.1197357,2,2021-01-12
송파구,서울특별시 송파구 방이동 가락로 287 ,어린이안전,37.51322174,127.1202316,3,2021-01-12
송파구,서울특별시 송파구 방이동 위례성대로10길 4 방이초등학교,어린이안전,37.51357269,127.1218109,2,2021-01-12
송파구,서울특별시 송파구 방이동 가락로 287 ,어린이안전,37.51395004,127.1205633,2,2021-01-12
송파구,서울특별시 송파구 방이동 양재대로 1264 세륜초등학교,어린이안전,37.51923098,127.1332761,1,2021-01-12
송파구,서울특별시 송파구 풍납동 올림픽로45길 11 극동아파트,어린이안전,37.52651215,127.1160049,2,2021-01-12
송파구,서울특별시 송파구 풍납동 토성로 65 태양상가,어린이안전,37.52802277,127.1176529,1,2021-01-12
송파구,풍납2동 388(아산병원어린이집),어린이안전,37.52999834,127.1103585,1,2021-01-12
송파구,서울특별시 송파구 풍납동 토성로 27 ,어린이안전,37.53130722,127.1146469,2,2021-01-12
송파구,서울특별시 송파구 풍납동 올림픽로49길 20 ,어린이안전,37.53169438,127.1197998,3,2021-01-12
송파구,서울특별시 송파구 풍납동 풍성로14길 17 ,어린이안전,37.53207016,127.1161575,4,2021-01-12
송파구,서울특별시 송파구 풍납동 풍성로14길 19 토성현대아파트,어린이안전,37.53210449,127.1151428,1,2021-01-12
송파구,서울특별시 송파구 풍납동 토성로5길 19 ,어린이안전,37.53249359,127.1143036,1,2021-01-12
송파구,서울특별시 송파구 풍납동 풍성로 52 대아아파트,어린이안전,37.53377151,127.1186523,1,2021-01-12
송파구,서울특별시 송파구 풍납동 풍성로 41 ,어린이안전,37.53424835,127.1171417,1,2021-01-12
송파구,서울특별시 송파구 풍납동 풍성로 41 ,어린이안전,37.53477413,127.1170246,5,2021-01-12
송파구,서울특별시 송파구 풍납동 바람드리22길 17 ,어린이안전,37.53513112,127.1205693,4,2021-01-12
송파구,서울특별시 송파구 풍납동 바람드리16길 19 ,어린이안전,37.53525162,127.1189346,1,2021-01-12
송파구,서울특별시 송파구 풍납동 바람드리12길 23 ,어린이안전,37.53550427,127.1175481,2,2021-01-12
송파구,서울특별시 송파구 풍납동 풍성로 27 ,어린이안전,37.53567123,127.1164551,1,2021-01-12
송파구,서울특별시 송파구 풍납동 풍성로 27 ,어린이안전,37.53577042,127.1154785,2,2021-01-12
송파구,가락동 509(탄천빗물펌프장),치수방재,37.495457,127.101379,6,2021-01-12
송파구,서울특별시 송파구 잠실동 도곡로62길 10 체육시설 관리사무실,치수방재,37.503273,127.077736,8,2021-01-12
송파구,신천동 21(몽촌빗물펌프장),치수방재,37.52394,127.1066,6,2021-01-12
송파구,신천동 14(신천빗물펌프장),치수방재,37.524788,127.102905,6,2021-01-12
송파구,풍납동 387(풍납빗물펌프장),치수방재,37.525181,127.106468,7,2021-01-12
